,LSOA11CD
212003,S01009773
212004,S01010472
212023,S01010079
212063,S01010477
212069,S01009773
212070,S01010080
212072,S01010476
212074,S01009915
212077,S01010476
212079,S01009879
212096,S01009773
212130,S01010470
212132,S01009912
212134,S01010484
212136,S01010468
212162,S01010315
212163,S01010180
212164,S01009913
212165,S01009916
212166,S01009916
212167,S01009879
212168,S01009880
212169,S01009880
212170,S01009880
212171,S01009877
212172,S01009902
212173,S01009950
212174,S01009764
212175,S01010192
212176,S01010484
212177,S01009914
212178,S01009941
212184,S01010484
212185,S01009957
212188,S01009941
212189,S01010484
212190,S01009959
212194,S01009941
212195,S01010482
212196,S01009960
212197,S01010482
212199,S01009998
212200,S01009941
212202,S01010482
212204,S01009998
212205,S01009765
212207,S01010483
212208,S01010483
212209,S01010483
212210,S01010479
212211,S01010479
212212,S01010479
212213,S01010470
212214,S01010470
212215,S01010470
212216,S01010471
212217,S01010471
212218,S01010482
212219,S01010483
212220,S01010483
212221,S01010479
212222,S01010483
212223,S01010479
212224,S01010452
212225,S01010454
212226,S01010454
212227,S01010454
212228,S01010454
212229,S01010450
212230,S01010450
212231,S01010450
212232,S01010450
212233,S01010456
212234,S01010457
212235,S01010456
212236,S01010456
212237,S01010480
212238,S01010461
212239,S01010461
212240,S01010461
212241,S01010477
212242,S01010460
212243,S01010463
212244,S01010464
212247,S01009821
212249,S01009814
212252,S01009765
212253,S01009818
212255,S01009867
212257,S01009818
212259,S01009770
212260,S01010417
212261,S01010408
212262,S01010480
212263,S01010461
212264,S01010452
212265,S01010448
212266,S01010422
212267,S01010317
212268,S01010352
212269,S01010073
212270,S01010134
212271,S01010134
212272,S01010152
212273,S01010038
212274,S01010038
212275,S01010001
212276,S01010016
212277,S01009867
212278,S01009853
212279,S01009851
212280,S01010089
212281,S01009972
212282,S01009972
212283,S01010178
212284,S01010171
212285,S01010413
212286,S01010348
212287,S01010400
212288,S01010420
212289,S01010218
212290,S01010089
212291,S01010345
212292,S01010367
212293,S01010486
212294,S01010486
212295,S01010080
212296,S01010080
212297,S01009793
212298,S01010100
212300,S01009969
212302,S01009793
212304,S01009795
212306,S01010468
212308,S01010079
212309,S01010079
212310,S01010081
212311,S01009763
212312,S01009758
212313,S01010191
212314,S01010485
212315,S01010074
212316,S01010131
212317,S01010074
212318,S01010174
212319,S01009810
212320,S01009836
212321,S01010446
212322,S01010486
212323,S01010126
212324,S01010092
212326,S01009969
212327,S01010327
212328,S01010219
212329,S01010303
212330,S01010117
212331,S01010034
212332,S01010388
212333,S01010386
212334,S01010463
212335,S01010408
212336,S01010408
212337,S01010408
212400,S01010062
212401,S01010072
212402,S01010143
212403,S01010143
212404,S01010143
212405,S01009837
212406,S01010143
212407,S01010143
212408,S01009778
212409,S01010210
212410,S01010133
212411,S01010145
212412,S01010142
212413,S01010071
212414,S01010066
212415,S01010065
212416,S01010065
212417,S01010064
212418,S01010065
212419,S01010069
212420,S01010077
212421,S01010077
212422,S01010077
212423,S01010072
212424,S01010139
212425,S01010139
212426,S01010139
212427,S01010138
212428,S01009835
212429,S01010074
212430,S01010140
212431,S01010132
212432,S01010134
212433,S01010181
212434,S01010185
212435,S01010176
212436,S01010176
212437,S01010174
212438,S01010152
212439,S01010152
212440,S01010155
212441,S01010154
212442,S01010154
212443,S01010158
212444,S01010155
212445,S01010157
212446,S01010165
212447,S01010167
212448,S01010170
212449,S01010107
212450,S01010108
212451,S01010108
212452,S01010108
212453,S01010110
212454,S01010044
212455,S01009820
212456,S01010464
212457,S01010046
212458,S01009778
212459,S01009785
212460,S01009775
212461,S01010133
212462,S01009787
212463,S01010133
212464,S01010210
212465,S01009787
212466,S01009859
212467,S01009833
212468,S01009820
212469,S01010048
212470,S01010464
212471,S01010217
212472,S01009853
212473,S01009837
212474,S01010195
212475,S01009897
212476,S01009775
212477,S01009853
212478,S01009897
212479,S01009838
212480,S01010198
212481,S01010452
212482,S01009820
212483,S01009783
212484,S01010479
212485,S01010480
212486,S01010464
212487,S01010451
212488,S01010452
212489,S01010444
212490,S01010448
212491,S01010435
212492,S01010423
212493,S01010437
212494,S01010490
212495,S01010501
212496,S01010501
212497,S01010501
212498,S01010465
212499,S01010198
212500,S01010197
212501,S01010197
212502,S01010208
212503,S01010328
212504,S01010350
212505,S01010254
212506,S01010140
212507,S01010137
212508,S01010134
212509,S01010181
212510,S01010173
212511,S01010156
212512,S01010153
212513,S01010156
212514,S01010169
212515,S01010053
212516,S01009938
212517,S01009977
212518,S01009985
212519,S01009866
212520,S01009840
212521,S01009840
212522,S01009840
212523,S01009836
212524,S01009838
212525,S01009830
212526,S01009812
212527,S01009810
212528,S01010020
212529,S01009854
212530,S01009779
212531,S01010452
212532,S01009819
212533,S01010016
212534,S01009853
212535,S01009793
212536,S01010458
212537,S01010198
212538,S01009853
212539,S01010459
212540,S01010459
212541,S01010459
212542,S01010458
212543,S01010463
212544,S01010457
212545,S01010445
212546,S01010440
212547,S01010445
212548,S01010445
212549,S01010445
212550,S01010449
212551,S01010448
212552,S01010449
212553,S01010448
212554,S01010444
212555,S01010427
212556,S01009816
212557,S01010018
212558,S01010427
212559,S01010427
212560,S01010422
212561,S01010440
212562,S01010437
212563,S01010437
212564,S01010435
212565,S01010435
212566,S01010435
212567,S01010485
212568,S01010487
212569,S01010487
212570,S01010503
212571,S01010489
212572,S01010498
212573,S01010314
212574,S01010319
212575,S01010329
212576,S01010355
212577,S01010355
212578,S01010353
212579,S01010351
212580,S01010354
212581,S01010357
212582,S01010354
212583,S01010201
212584,S01010210
212585,S01010210
212586,S01010197
212587,S01010093
212588,S01009855
212589,S01010083
212590,S01010198
212591,S01009816
212592,S01009806
212593,S01009947
212594,S01009858
212595,S01009806
212596,S01010084
212597,S01009946
212598,S01009806
212599,S01010198
212600,S01009814
212601,S01010084
212602,S01010196
212603,S01009858
212604,S01009945
212605,S01009809
212606,S01010084
212607,S01010194
212608,S01009857
212609,S01009946
212610,S01009856
212611,S01009809
212612,S01009944
212613,S01010194
212614,S01010084
212615,S01009851
212616,S01009809
212617,S01009944
212618,S01010183
212619,S01010084
212620,S01009850
212621,S01009827
212622,S01010199
212623,S01009948
212624,S01010084
212625,S01009851
212626,S01009827
212627,S01010225
212628,S01010213
212629,S01010211
212630,S01010328
212631,S01010328
212632,S01010325
212633,S01010331
212634,S01010331
212635,S01010332
212636,S01010335
212637,S01010334
212638,S01010334
212639,S01010335
212640,S01010339
212641,S01010338
212642,S01010339
212643,S01010350
212644,S01010346
212645,S01010349
212646,S01010349
212647,S01010347
212648,S01010341
212649,S01010060
212650,S01010247
212651,S01010148
212652,S01010151
212653,S01010158
212654,S01010158
212655,S01010132
212656,S01010158
212657,S01010158
212658,S01010158
212659,S01010133
212660,S01010133
212661,S01010132
212662,S01010134
212663,S01010086
212664,S01010086
212665,S01009828
212666,S01010086
212667,S01009826
212668,S01009827
212669,S01010092
212670,S01009826
212671,S01009825
212672,S01010092
212673,S01009832
212674,S01009823
212675,S01010092
212676,S01009949
212677,S01009832
212678,S01009823
212679,S01010090
212680,S01010092
212681,S01009969
212682,S01010424
212683,S01010332
212684,S01010339
212685,S01010349
212686,S01009972
212687,S01010058
212688,S01010062
212689,S01010130
212690,S01010129
212691,S01010166
212692,S01010115
212693,S01010048
212694,S01010048
212695,S01009987
212696,S01009859
212697,S01009836
212698,S01009856
212699,S01009788
212700,S01009778
212701,S01010415
212702,S01010473
212703,S01010471
212704,S01010454
212705,S01009949
212706,S01009955
212707,S01009955
212708,S01009955
212709,S01009961
212710,S01009961
212711,S01009832
212712,S01009831
212713,S01009829
212714,S01009824
212715,S01009956
212716,S01009824
212717,S01009830
212718,S01009822
212719,S01010012
212720,S01009830
212721,S01009822
212722,S01010012
212723,S01009830
212724,S01009824
212725,S01009823
212726,S01009786
212727,S01009803
212728,S01009803
212729,S01009800
212730,S01009802
212731,S01009800
212732,S01009800
212733,S01009799
212734,S01009801
212735,S01009801
212736,S01009791
212737,S01009790
212738,S01009791
212739,S01009791
212740,S01009790
212741,S01009789
212742,S01009788
212743,S01009788
212744,S01009788
212745,S01009788
212746,S01009788
212747,S01009790
212748,S01009789
212749,S01009789
212750,S01009789
212751,S01009788
212752,S01010003
212753,S01010003
212754,S01009833
212755,S01009999
212756,S01010002
212757,S01009811
212758,S01010016
212759,S01009812
212760,S01009812
212761,S01009812
212762,S01009829
212763,S01009831
212764,S01009831
212765,S01009814
212766,S01009814
212767,S01009814
212768,S01009811
212769,S01009810
212770,S01009811
212771,S01009811
212772,S01009811
212773,S01009811
212774,S01009811
212775,S01009812
212776,S01009811
212777,S01009810
212778,S01009817
212779,S01010001
212780,S01009989
212781,S01009989
212782,S01009991
212783,S01009990
212784,S01009994
212785,S01009994
212786,S01009970
212787,S01009980
212788,S01009987
212789,S01009992
212790,S01009760
212791,S01009942
212792,S01009843
212793,S01009836
212794,S01009836
212795,S01009848
212796,S01009848
212797,S01009848
212798,S01009840
212799,S01009840
212800,S01009807
212801,S01009823
212802,S01009790
212803,S01009785
212804,S01010083
212805,S01010083
212806,S01010425
212807,S01010494
212808,S01010115
212809,S01010345
212810,S01009985
212811,S01010260
212812,S01010302
212813,S01010358
212814,S01010414
212815,S01010082
212816,S01009960
212817,S01009998
212818,S01010090
212819,S01009774
212820,S01010088
212821,S01010091
212822,S01010088
212823,S01010192
212824,S01009795
212825,S01009795
212826,S01010102
212827,S01010189
212828,S01010189
212829,S01010100
212830,S01010404
212831,S01009895
212832,S01009907
212833,S01010360
212834,S01010412
212835,S01010368
212836,S01010451
212837,S01010445
212838,S01010074
212839,S01009911
212840,S01009928
212841,S01009955
212842,S01009955
212843,S01009819
212844,S01009784
212845,S01009769
212846,S01009767
212847,S01010092
212848,S01009879
212849,S01010467
212850,S01010346
212851,S01010131
212852,S01010193
212853,S01010232
212854,S01009929
212855,S01009843
212856,S01010260
212857,S01010279
212858,S01009983
212859,S01010260
212860,S01010359
212861,S01010278
212862,S01009762
212863,S01009892
212864,S01009881
212865,S01009886
212866,S01009924
212867,S01010353
212868,S01009919
212869,S01010272
212870,S01009919
212871,S01010353
212872,S01009760
212873,S01010272
212874,S01010185
212875,S01010359
212876,S01010259
212877,S01009876
212878,S01010227
212879,S01009759
212880,S01010279
212881,S01010318
212882,S01010259
212883,S01010259
212884,S01010259
212885,S01010259
212886,S01010035
212887,S01010035
212888,S01010026
212889,S01010024
212890,S01010457
212891,S01010457
212892,S01010462
212893,S01010462
212894,S01010462
212895,S01010462
212896,S01010461
212897,S01010461
212898,S01009983
212899,S01010451
212900,S01010451
212901,S01010458
212902,S01010453
212903,S01010453
212904,S01010453
212905,S01010433
212906,S01010433
212907,S01010433
212908,S01010433
212909,S01010427
212910,S01010427
212911,S01010427
212912,S01010427
212913,S01010423
212914,S01010425
212915,S01010442
212916,S01010300
212917,S01010303
212918,S01010303
212919,S01010362
212920,S01010362
212921,S01010362
212922,S01010362
212923,S01010362
212924,S01010361
212925,S01010361
212926,S01010362
212927,S01010362
212928,S01009876
212929,S01010283
212930,S01010227
212931,S01009759
212932,S01009876
212933,S01010227
212934,S01010272
212935,S01010315
212936,S01010226
212937,S01009876
212938,S01009939
212939,S01009939
212940,S01010226
212941,S01009870
212942,S01009861
212943,S01010278
212944,S01009876
212945,S01010316
212946,S01009863
212947,S01010291
212948,S01010226
212949,S01010347
212950,S01009876
212951,S01009842
212952,S01009863
212953,S01010297
212954,S01010261
212955,S01010026
212956,S01010025
212957,S01010025
212958,S01010026
212959,S01010386
212960,S01010474
212961,S01010462
212962,S01010462
212963,S01010462
212964,S01010462
212965,S01010436
212966,S01010430
212967,S01010433
212968,S01010433
212969,S01010430
212970,S01010430
212971,S01010434
212972,S01010434
212973,S01010424
212974,S01010424
212975,S01010425
212976,S01010426
212977,S01010434
212978,S01010434
212979,S01010434
212980,S01010432
212981,S01010438
212982,S01010438
212983,S01010496
212984,S01010306
212985,S01010303
212986,S01010304
212987,S01010304
212988,S01010314
212989,S01010314
212990,S01010316
212991,S01010316
212992,S01010314
212993,S01010320
212994,S01010320
212995,S01009845
212996,S01009870
212997,S01010226
212998,S01010261
212999,S01009863
213000,S01009861
213001,S01009860
213002,S01010353
213003,S01009860
213004,S01010227
213005,S01010261
213006,S01009859
213007,S01010231
213008,S01010227
213009,S01010035
213010,S01010231
213011,S01010035
213012,S01010219
213013,S01010230
213014,S01009859
213015,S01010034
213016,S01010219
213017,S01010230
213018,S01009842
213019,S01010219
213020,S01009841
213021,S01010230
213022,S01010218
213023,S01010453
213024,S01009841
213025,S01010230
213026,S01010231
213027,S01010230
213028,S01010232
213029,S01010453
213030,S01010230
213031,S01009842
213032,S01010232
213033,S01010430
213034,S01010230
213035,S01010499
213036,S01010233
213037,S01009846
213038,S01009876
213039,S01010499
213040,S01010225
213041,S01010233
213042,S01010302
213043,S01010225
213044,S01009891
213045,S01009841
213046,S01009893
213047,S01010302
213048,S01010232
213049,S01010212
213050,S01009841
213051,S01009887
213052,S01010299
213053,S01010232
213054,S01010205
213055,S01009846
213056,S01009844
213057,S01009844
213058,S01009845
213059,S01009845
213060,S01009845
213061,S01009847
213062,S01009813
213063,S01009813
213064,S01009813
213065,S01009813
213066,S01009807
213067,S01009808
213068,S01009808
213069,S01009808
213070,S01009808
213071,S01009808
213072,S01010303
213073,S01010298
213074,S01010320
213075,S01010225
213076,S01010224
213077,S01010243
213078,S01010038
213079,S01010043
213080,S01009878
213081,S01010312
213082,S01009892
213083,S01010233
213084,S01010311
213085,S01009891
213086,S01009890
213087,S01009892
213088,S01010359
213089,S01010233
213090,S01009890
213091,S01010361
213092,S01010311
213093,S01010232
213094,S01009898
213095,S01010227
213096,S01010207
213097,S01009895
213098,S01010227
213099,S01010255
213100,S01010206
213101,S01009896
213102,S01009892
213103,S01009892
213104,S01009892
213105,S01009897
213106,S01009894
213107,S01009894
213108,S01009894
213109,S01009894
213110,S01009895
213111,S01009889
213112,S01009889
213113,S01009887
213114,S01009890
213115,S01009887
213116,S01009887
213117,S01009889
213118,S01009888
213119,S01009888
213120,S01010021
213121,S01009938
213122,S01009937
213123,S01009937
213124,S01009933
213125,S01009934
213126,S01009948
213127,S01009949
213128,S01010255
213129,S01010253
213130,S01010206
213131,S01010243
213132,S01010243
213133,S01010310
213134,S01010243
213135,S01010226
213136,S01010310
213137,S01010310
213138,S01010254
213139,S01010244
213140,S01010057
213141,S01010052
213142,S01010160
213143,S01010160
213144,S01010160
213145,S01010046
213146,S01009875
213147,S01009871
213148,S01010033
213149,S01010021
213150,S01010021
213151,S01010021
213152,S01010021
213153,S01009937
213154,S01009933
213155,S01009933
213156,S01010240
213157,S01010239
213158,S01010239
213159,S01010051
213160,S01010049
213161,S01010066
213162,S01010058
213163,S01010177
213164,S01010169
213165,S01010160
213166,S01010160
213167,S01010160
213168,S01010044
213169,S01010042
213170,S01010053
213171,S01009882
213172,S01009882
213173,S01009875
213174,S01009875
213175,S01009907
213176,S01010226
213177,S01010226
213178,S01010226
213179,S01010230
213180,S01010230
213181,S01010233
213182,S01010233
213183,S01010202
213184,S01010202
213185,S01010207
213186,S01010207
213187,S01010206
213188,S01010206
213189,S01010206
213190,S01010206
213191,S01009897
213192,S01009933
213193,S01009933
213194,S01009939
213195,S01009939
213196,S01009939
213197,S01009838
213198,S01009807
213199,S01010296
213200,S01010500
213201,S01009948
213202,S01010500
213203,S01009775
213204,S01009942
213205,S01010118
213206,S01010171
213207,S01010500
213208,S01010502
213209,S01010498
213210,S01010497
213211,S01010497
213212,S01010498
213213,S01010498
213214,S01010498
213215,S01010498
213216,S01010498
213217,S01010498
213218,S01010305
213219,S01010312
213220,S01010327
213221,S01010326
213222,S01010326
213223,S01010326
213224,S01010352
213225,S01010221
213226,S01010221
213227,S01010231
213228,S01010232
213229,S01010195
213230,S01010198
213231,S01010197
213232,S01010197
213233,S01010196
213234,S01010196
213235,S01010196
213236,S01010196
213237,S01010185
213238,S01010199
213239,S01010312
213240,S01010312
213241,S01010312
213242,S01010326
213243,S01010325
213244,S01010324
213245,S01010324
213246,S01010332
213247,S01010332
213248,S01010335
213249,S01010338
213250,S01010334
213251,S01010344
213252,S01010344
213253,S01010337
213254,S01010337
213255,S01010119
213256,S01010350
213257,S01010119
213258,S01010111
213259,S01010120
213260,S01010054
213261,S01009781
213262,S01009860
213263,S01009939
213264,S01010171
213265,S01010166
213266,S01010167
213267,S01010121
213268,S01010119
213269,S01010107
213270,S01010112
213271,S01010112
213272,S01010112
213273,S01010112
213274,S01010112
213275,S01010112
213276,S01010114
213277,S01010114
213278,S01010114
213279,S01010114
213280,S01010122
213281,S01010111
213282,S01010106
213283,S01010111
213284,S01010037
213285,S01010048
213286,S01010054
213287,S01010048
213288,S01009896
213289,S01009971
213290,S01009971
213291,S01009971
213292,S01009977
213293,S01009975
213294,S01009975
213295,S01009975
213296,S01009975
213297,S01009977
213298,S01009992
213299,S01009992
213300,S01009979
213301,S01009978
213302,S01009978
213303,S01009978
213304,S01009984
213305,S01009982
213306,S01009982
213307,S01009981
213308,S01009981
213309,S01009981
213310,S01009980
213311,S01009980
213312,S01010111
213313,S01010054
213314,S01010245
213315,S01009939
213316,S01010245
213317,S01010067
213318,S01010122
213319,S01009939
213320,S01009846
213321,S01010066
213322,S01010110
213323,S01010055
213324,S01009781
213325,S01009939
213326,S01009846
213327,S01010058
213328,S01010122
213329,S01010045
213330,S01009939
213331,S01009783
213332,S01009848
213333,S01010056
213334,S01010049
213335,S01010132
213336,S01010133
213337,S01010135
213338,S01010132
213339,S01010143
213340,S01010141
213341,S01010146
213342,S01010146
213343,S01010065
213344,S01010066
213345,S01010065
213346,S01010077
213347,S01010179
213348,S01010179
213349,S01010179
213350,S01010179
213351,S01010180
213352,S01010181
213353,S01010184
213354,S01010183
213355,S01010173
213356,S01010157
213357,S01010157
213358,S01010163
213359,S01010163
213360,S01010178
213361,S01010178
213362,S01010178
213363,S01010177
213364,S01010177
213365,S01010177
213366,S01010177
213367,S01010168
213368,S01010160
213369,S01010123
213370,S01010121
213371,S01010120
213372,S01010118
213373,S01010118
213374,S01010127
213375,S01010111
213376,S01010105
213377,S01010054
213378,S01010054
213379,S01009974
213380,S01009783
213381,S01009865
213382,S01009848
213383,S01010050
213384,S01010053
213385,S01010046
213386,S01010021
213387,S01009973
213388,S01009973
213389,S01009974
213390,S01009988
213391,S01009986
213392,S01009987
213393,S01009978
213394,S01009978
213395,S01009834
213396,S01009805
213397,S01009805
213398,S01009799
213399,S01009775
213400,S01009775
213401,S01009781
213402,S01009780
213403,S01009781
213404,S01009767
213405,S01010331
213406,S01010168
213407,S01009778
213408,S01009777
213409,S01010024
213410,S01010478
213411,S01010501
213412,S01010502
213413,S01010232
213414,S01010215
213415,S01010324
213416,S01010325
213417,S01010325
213418,S01010333
213419,S01010245
213420,S01010161
213421,S01010128
213422,S01010126
213423,S01010119
213424,S01009861
213425,S01009844
213426,S01009847
213427,S01009845
213428,S01009977
213429,S01009845
213430,S01009845
213431,S01009782
213432,S01009989
213433,S01009848
213434,S01010272
213435,S01009780
213436,S01009848
213437,S01009840
213438,S01009854
213439,S01009850
213440,S01009828
213441,S01009826
213442,S01009826
213443,S01009827
213444,S01009827
213445,S01009827
213446,S01009825
213447,S01009825
213448,S01009825
213449,S01009823
213450,S01009824
213451,S01009786
213452,S01009786
213453,S01009786
213454,S01009805
213455,S01009803
213456,S01009800
213457,S01009802
213458,S01009800
213459,S01009799
213460,S01009799
213461,S01009801
213462,S01009801
213463,S01009799
213464,S01009799
213465,S01009801
213466,S01009788
213467,S01009778
213468,S01009785
213469,S01009785
213470,S01009785
213471,S01009784
213472,S01009784
213473,S01009784
213474,S01009784
213475,S01009787
213476,S01009787
213477,S01009787
213478,S01009787
213479,S01009986
213480,S01009942
213481,S01009823
213482,S01009778
213483,S01009778
213484,S01009785
213485,S01009785
213486,S01009783
213487,S01010223
213488,S01010179
213489,S01010179
213490,S01009777
213491,S01010400
213492,S01010400
213493,S01010400
213494,S01010415
213495,S01010419
213496,S01010417
213497,S01010416
213498,S01010404
213499,S01010412
213500,S01010413
213501,S01010467
213502,S01010363
213503,S01010366
213504,S01009780
213505,S01010366
213506,S01010367
213507,S01010268
213508,S01010367
213509,S01010367
213510,S01010368
213511,S01010368
213512,S01010365
213513,S01010365
213514,S01010413
213515,S01010413
213516,S01010413
213517,S01010409
213518,S01010475
213519,S01010463
213520,S01010369
213521,S01010465
213522,S01010346
213523,S01009887
213524,S01010033
213525,S01010030
213526,S01010391
213527,S01010231
213528,S01010231
213529,S01010217
213530,S01010212
213531,S01010169
213532,S01009878
213533,S01009930
213534,S01009899
213535,S01009946
213536,S01009861
213537,S01009859
213538,S01010222
213539,S01010224
213540,S01009895
213541,S01010272
213542,S01009936
213543,S01009948
213544,S01010481
213545,S01010444
213546,S01010445
213547,S01010435
213548,S01010488
213549,S01010499
213550,S01010493
213551,S01010495
213552,S01010495
213553,S01010495
213554,S01010493
213555,S01010492
213556,S01010492
213557,S01010500
213558,S01009767
213559,S01009767
213560,S01009764
213561,S01009767
213562,S01009776
213563,S01009776
213564,S01009776
213565,S01009776
213566,S01009779
213567,S01010197
213568,S01010083
213569,S01010092
213570,S01010091
213571,S01010496
213572,S01010496
213573,S01010493
213574,S01010491
213575,S01010496
213576,S01010492
213577,S01010492
213578,S01010500
213579,S01010501
213580,S01010497
213581,S01010502
213582,S01010199
213583,S01010205
213584,S01010313
213585,S01010310
213586,S01010224
213587,S01010224
213588,S01010340
213589,S01010246
213590,S01010150
213591,S01010157
213592,S01010156
213593,S01010165
213594,S01010123
213595,S01010120
213596,S01010120
213597,S01010127
213598,S01010127
213599,S01010347
213600,S01010342
213601,S01010342
213602,S01010342
213603,S01010069
213604,S01010073
213605,S01010082
213606,S01009967
213607,S01010492
213608,S01010081
213609,S01010182
213610,S01010182
213611,S01010193
213612,S01009932
213613,S01009915
213614,S01009914
213615,S01009915
213616,S01009915
213617,S01009915
213618,S01009915
213619,S01009912
213620,S01009879
213621,S01009913
213622,S01009879
213623,S01009914
213624,S01009914
213625,S01009874
213626,S01009874
213627,S01009874
213628,S01009874
213629,S01009873
213630,S01009880
213631,S01009879
213632,S01009879
213633,S01009877
213634,S01009877
213635,S01009877
213636,S01009877
213637,S01010014
213638,S01009954
213639,S01009954
213640,S01009953
213641,S01009952
213642,S01009955
213643,S01009957
213644,S01009957
213645,S01009951
213646,S01009956
213647,S01009951
213648,S01009959
213649,S01009960
213650,S01009959
213651,S01009962
213652,S01010108
213653,S01010245
213654,S01010188
213655,S01010216
213656,S01010130
213657,S01009967
213658,S01010503
213659,S01009922
213660,S01009897
213661,S01010244
213662,S01010503
213663,S01010130
213664,S01010216
213665,S01009914
213666,S01010002
213667,S01009966
213668,S01010244
213669,S01010500
213670,S01010130
213671,S01010217
213672,S01010121
213673,S01009929
213674,S01009999
213675,S01010256
213676,S01010209
213677,S01010125
213678,S01009957
213679,S01010125
213680,S01009999
213681,S01010256
213682,S01009950
213683,S01010216
213684,S01010128
213685,S01010000
213686,S01010256
213687,S01009960
213688,S01010185
213689,S01010129
213690,S01009967
213691,S01010255
213692,S01009963
213693,S01009995
213694,S01009995
213695,S01009761
213696,S01009830
213697,S01009807
213698,S01010093
213699,S01010088
213700,S01010191
213701,S01010473
213702,S01010487
213703,S01010334
213704,S01010343
213705,S01010247
213706,S01010146
213707,S01010066
213708,S01010076
213709,S01010115
213710,S01010170
213711,S01009897
213712,S01009949
213713,S01009961
213714,S01009962
213715,S01010004
213716,S01010012
213717,S01009968
213718,S01009971
213719,S01009846
213720,S01009846
213721,S01009834
213722,S01009802
213723,S01010094
213724,S01010095
213725,S01010093
213726,S01010485
213727,S01009766
213728,S01009796
213729,S01010438
213730,S01010225
213731,S01010203
213732,S01010310
213733,S01010333
213734,S01010064
213735,S01010256
213736,S01010202
213737,S01010010
213738,S01010256
213739,S01010212
213740,S01010212
213741,S01010212
213742,S01010129
213743,S01010212
213744,S01009989
213745,S01010120
213746,S01010211
213747,S01010253
213748,S01009968
213749,S01010211
213750,S01010243
213751,S01010120
213752,S01009990
213753,S01010204
213754,S01010213
213755,S01010204
213756,S01010207
213757,S01010207
213758,S01010313
213759,S01010313
213760,S01010312
213761,S01010311
213762,S01010224
213763,S01010224
213764,S01010224
213765,S01010323
213766,S01010224
213767,S01010326
213768,S01010326
213769,S01010326
213770,S01010328
213771,S01010218
213772,S01010218
213773,S01010215
213774,S01010215
213775,S01010215
213776,S01010215
213777,S01010324
213778,S01010333
213779,S01010330
213780,S01010330
213781,S01010338
213782,S01010344
213783,S01010344
213784,S01010336
213785,S01010338
213786,S01010336
213787,S01010336
213788,S01010349
213789,S01010349
213790,S01009990
213791,S01010120
213792,S01010246
213793,S01009994
213794,S01010241
213795,S01010120
213796,S01009993
213797,S01010050
213798,S01010166
213799,S01009993
213800,S01010050
213801,S01010171
213802,S01009995
213803,S01010052
213804,S01010171
213805,S01010171
213806,S01010167
213807,S01010169
213808,S01010167
213809,S01010171
213810,S01010121
213811,S01010110
213812,S01010112
213813,S01010112
213814,S01010110
213815,S01010117
213816,S01010113
213817,S01010113
213818,S01010114
213819,S01010107
213820,S01010106
213821,S01010106
213822,S01010108
213823,S01010111
213824,S01010111
213825,S01010110
213826,S01010046
213827,S01010044
213828,S01010043
213829,S01010055
213830,S01010038
213831,S01010054
213832,S01010047
213833,S01010043
213834,S01009874
213835,S01009874
213836,S01009874
213837,S01009874
213838,S01009871
213839,S01009997
213840,S01009996
213841,S01009971
213842,S01009871
213843,S01009832
213844,S01009831
213845,S01009821
213846,S01009816
213847,S01009772
213848,S01009772
213849,S01009793
213850,S01010090
213851,S01010500
213852,S01010348
213853,S01010343
213854,S01010188
213855,S01009763
213856,S01009880
213857,S01010088
213858,S01010051
213859,S01010091
213860,S01009763
213861,S01009761
213862,S01009793
213863,S01010096
213864,S01010101
213865,S01010322
213866,S01010460
213867,S01010365
213868,S01010410
213869,S01010411
213870,S01010214
213871,S01010229
213872,S01010079
213873,S01010082
213874,S01010068
213875,S01010067
213876,S01010051
213877,S01010060
213878,S01010060
213879,S01010059
213880,S01010056
213881,S01010049
213882,S01010150
213883,S01010151
213884,S01010151
213885,S01010062
213886,S01010141
213887,S01010141
213888,S01010147
213889,S01010147
213890,S01010146
213891,S01010146
213892,S01010063
213893,S01010063
213894,S01010139
213895,S01010164
213896,S01010172
213897,S01010153
213898,S01010157
213899,S01010163
213900,S01010178
213901,S01010177
213902,S01010177
213903,S01010162
213904,S01010162
213905,S01010162
213906,S01010165
213907,S01010102
213908,S01010103
213909,S01009984
213910,S01010272
213911,S01010503
213912,S01010278
213913,S01010277
213914,S01010369
213915,S01010277
213916,S01010277
213917,S01010302
213918,S01010304
213919,S01010262
213920,S01010262
213921,S01010262
213922,S01010257
213923,S01010270
213924,S01010270
213925,S01010270
213926,S01010023
213927,S01010023
213928,S01010029
213929,S01010029
213930,S01010026
213931,S01010025
213932,S01010386
213933,S01010415
213934,S01010394
213935,S01010481
213936,S01010481
213937,S01010478
213938,S01010478
213939,S01010479
213940,S01010479
213941,S01010447
213942,S01010447
213943,S01010428
213944,S01010423
213945,S01010439
213946,S01010455
213947,S01010455
213948,S01010489
213949,S01010489
213950,S01010496
213951,S01010498
213952,S01010493
213953,S01010493
213954,S01010491
213955,S01010491
213956,S01010495
213957,S01010314
213958,S01010314
213959,S01010316
213960,S01010361
213961,S01010361
213962,S01010361
213963,S01010359
213964,S01010359
213965,S01010359
213966,S01010360
213967,S01010360
213968,S01010318
213969,S01010326
213970,S01010347
213971,S01010347
213972,S01010355
213973,S01010355
213974,S01010357
213975,S01010357
213976,S01010353
213977,S01010353
213978,S01010353
213979,S01010354
213980,S01010221
213981,S01010219
213982,S01010222
213983,S01010218
213984,S01010218
213985,S01010231
213986,S01010230
213987,S01010232
213988,S01010233
213989,S01010229
213990,S01010229
213991,S01010229
213992,S01010228
213993,S01010228
213994,S01010202
213995,S01010184
213996,S01010202
213997,S01010202
213998,S01010217
213999,S01010217
214000,S01009834
214001,S01009834
214002,S01010394
214003,S01009896
214004,S01010323
214005,S01010436
214006,S01010246
214007,S01009983
214008,S01010361
214009,S01009834
214010,S01009837
214011,S01009839
214012,S01009838
214013,S01009839
214014,S01009839
214015,S01009839
214016,S01009854
214017,S01009854
214018,S01009851
214019,S01009828
214020,S01009828
214021,S01009828
214022,S01009829
214023,S01009811
214024,S01009789
214025,S01009786
214026,S01009786
214027,S01009789
214028,S01009803
214029,S01009784
214030,S01009785
214031,S01009768
214032,S01009776
214033,S01009786
214034,S01010086
214035,S01010425
214036,S01010442
214037,S01010496
214038,S01010493
214039,S01010491
214040,S01010490
214041,S01010495
214042,S01010495
214043,S01010495
214044,S01010494
214045,S01010503
214046,S01010500
214047,S01010357
214048,S01010217
214049,S01010313
214050,S01010313
214051,S01010311
214052,S01010323
214053,S01010218
214054,S01010338
214055,S01010244
214056,S01010245
214057,S01010259
214058,S01010491
214059,S01009985
214060,S01010050
214061,S01010353
214062,S01010033
214063,S01010018
214064,S01010488
214065,S01010323
214066,S01010018
214067,S01010178
214068,S01010490
214069,S01010270
214070,S01010351
214071,S01010231
214072,S01009985
214073,S01010209
214074,S01010488
214075,S01009985
214076,S01010297
214077,S01010177
214078,S01010350
214079,S01010019
214080,S01010209
214081,S01010018
214082,S01010297
214083,S01010499
214084,S01010350
214085,S01009985
214086,S01010161
214087,S01010209
214088,S01010019
214089,S01010023
214090,S01010023
214091,S01010023
214092,S01010028
214093,S01010034
214094,S01010026
214095,S01010024
214096,S01010027
214097,S01010024
214098,S01010028
214099,S01010415
214100,S01010415
214101,S01010469
214102,S01010457
214103,S01010451
214104,S01010451
214105,S01010451
214106,S01010458
214107,S01010440
214108,S01010440
214109,S01010423
214110,S01010439
214111,S01010437
214112,S01010455
214113,S01010491
214114,S01010488
214115,S01010499
214116,S01010499
214117,S01010495
214118,S01010491
214119,S01010300
214120,S01010314
214121,S01010358
214122,S01010359
214123,S01010362
214124,S01010353
214125,S01010215
214126,S01010229
214127,S01010228
214128,S01010228
214129,S01010228
214130,S01010216
214131,S01010216
214132,S01010208
214133,S01010204
214134,S01009942
214135,S01010161
214136,S01010493
214137,S01009898
214138,S01010209
214139,S01009942
214140,S01009935
214141,S01010491
214142,S01010340
214143,S01010162
214144,S01010211
214145,S01010495
214146,S01009948
214147,S01010254
214148,S01010165
214149,S01010211
214150,S01009942
214151,S01010212
214152,S01010494
214153,S01010121
214154,S01009971
214155,S01009942
214156,S01010212
214157,S01010255
214158,S01010312
214159,S01010304
214160,S01010129
214161,S01009971
214162,S01009843
214163,S01010312
214164,S01009970
214165,S01010107
214166,S01009847
214167,S01010245
214168,S01010344
214169,S01009974
214170,S01010360
214171,S01009974
214172,S01010111
214173,S01010245
214174,S01009828
214175,S01010359
214176,S01010344
214177,S01009977
214178,S01010110
214179,S01010245
214180,S01009812
214181,S01010316
214182,S01010315
214183,S01010356
214184,S01010355
214185,S01010354
214186,S01010221
214187,S01010231
214188,S01010229
214189,S01010204
214190,S01010204
214191,S01010309
214192,S01010309
214193,S01010310
214194,S01010323
214195,S01010326
214196,S01010215
214197,S01010333
214198,S01010333
214199,S01010338
214200,S01010339
214201,S01010350
214202,S01010340
214203,S01010340
214204,S01010340
214205,S01010245
214206,S01010256
214207,S01010256
214208,S01010253
214209,S01010253
214210,S01010242
214211,S01010246
214212,S01010242
214213,S01010242
214214,S01010246
214215,S01010239
214216,S01010239
214217,S01010241
214218,S01009764
214219,S01010344
214220,S01010047
214221,S01009974
214222,S01009765
214223,S01010344
214224,S01010047
214225,S01010046
214226,S01010060
214227,S01010045
214228,S01010336
214229,S01010057
214230,S01010022
214231,S01010223
214232,S01009975
214233,S01010336
214234,S01010022
214235,S01010141
214236,S01010028
214237,S01010027
214238,S01009979
214239,S01010336
214240,S01009987
214241,S01009977
214242,S01010029
214243,S01010141
214244,S01010336
214245,S01009987
214246,S01009977
214247,S01009896
214248,S01010147
214249,S01010050
214250,S01009987
214251,S01009988
214252,S01009988
214253,S01009986
214254,S01009980
214255,S01009981
214256,S01009979
214257,S01009982
214258,S01009981
214259,S01009981
214260,S01009981
214261,S01009940
214262,S01009940
214263,S01009940
214264,S01009940
214265,S01009943
214266,S01009943
214267,S01009943
214268,S01009943
214269,S01009864
214270,S01009862
214271,S01009861
214272,S01009859
214273,S01009859
214274,S01009843
214275,S01009841
214276,S01009843
214277,S01009844
214278,S01009860
214279,S01010146
214280,S01010050
214281,S01010147
214282,S01010145
214283,S01010138
214284,S01010138
214285,S01009862
214286,S01010138
214287,S01010138
214288,S01010138
214289,S01010138
214290,S01010138
214291,S01010162
214292,S01010129
214293,S01010047
214294,S01010047
214295,S01009897
214296,S01010019
214297,S01009938
214298,S01009933
214299,S01009970
214300,S01009970
214301,S01009939
214302,S01009813
214303,S01010027
214304,S01009813
214305,S01009810
214306,S01009810
214307,S01009810
214308,S01009810
214309,S01009786
214310,S01010272
214311,S01010047
214312,S01010047
214313,S01010138
214314,S01010030
214315,S01010134
214316,S01010019
214317,S01010181
214318,S01009974
214319,S01010178
214320,S01010079
214321,S01009975
214322,S01010131
214323,S01010079
214324,S01009950
214325,S01009965
214326,S01009797
214327,S01009797
214328,S01010087
214329,S01009969
214330,S01009818
214331,S01010101
214332,S01010100
214333,S01010297
214334,S01010262
214335,S01010270
214336,S01010034
214337,S01010471
214338,S01010478
214339,S01010453
214340,S01010447
214341,S01010447
214342,S01010436
214343,S01010430
214344,S01010423
214345,S01010424
214346,S01010424
214347,S01010426
214348,S01010436
214349,S01010436
214350,S01010436
214351,S01010156
214352,S01009975
214353,S01010118
214354,S01009977
214355,S01010118
214356,S01010128
214357,S01010055
214358,S01010053
214359,S01010045
214360,S01010045
214361,S01010046
214362,S01010034
214363,S01009871
214364,S01010019
214365,S01010019
214366,S01010018
214367,S01010021
214368,S01010021
214369,S01009945
214370,S01009935
214371,S01009936
214372,S01009976
214373,S01009976
214374,S01009987
214375,S01009989
214376,S01009986
214377,S01009984
214378,S01009983
214379,S01009977
214380,S01009977
214381,S01009992
214382,S01009992
214383,S01009975
214384,S01009978
214385,S01009982
214386,S01009939
214387,S01009859
214388,S01009860
214389,S01009844
214390,S01009835
214391,S01009815
214392,S01009768
214393,S01009764
214394,S01009776
214395,S01010394
214396,S01010394
214397,S01010455
214398,S01010455
214399,S01010361
214400,S01010162
214401,S01010212
214402,S01010129
214403,S01010128
214404,S01009760
214405,S01010229
214406,S01010341
214407,S01010128
214408,S01010228
214409,S01010422
214410,S01010162
214411,S01009760
214412,S01010348
214413,S01010019
214414,S01010228
214415,S01009933
214416,S01010424
214417,S01010123
214418,S01009759
214419,S01010055
214420,S01010213
214421,S01009859
214422,S01010425
214423,S01010121
214424,S01009759
214425,S01010244
214426,S01010256
214427,S01010255
214428,S01010256
214429,S01010253
214430,S01010253
214431,S01010252
214432,S01010248
214433,S01010237
214434,S01010240
214435,S01010240
214436,S01010240
214437,S01010241
214438,S01010068
214439,S01010050
214440,S01010060
214441,S01010057
214442,S01010150
214443,S01010148
214444,S01010148
214445,S01010154
214446,S01010151
214447,S01010158
214448,S01010143
214449,S01010142
214450,S01010147
214451,S01010144
214452,S01010064
214453,S01010065
214454,S01010063
214455,S01010061
214456,S01010137
214457,S01010139
214458,S01010137
214459,S01010137
214460,S01010137
214461,S01010137
214462,S01010140
214463,S01010134
214464,S01010134
214465,S01010183
214466,S01010152
214467,S01010152
214468,S01010152
214469,S01010172
214470,S01010172
214471,S01010172
214472,S01010277
214473,S01010239
214474,S01010024
214475,S01010196
214476,S01010432
214477,S01010239
214478,S01009760
214479,S01010125
214480,S01010394
214481,S01010469
214482,S01010451
214483,S01010458
214484,S01010426
214485,S01010442
214486,S01010439
214487,S01010439
214488,S01010439
214489,S01010501
214490,S01010320
214491,S01010352
214492,S01010352
214493,S01010310
214494,S01010311
214495,S01010340
214496,S01010238
214497,S01010262
214498,S01010060
214499,S01010060
214500,S01010060
214501,S01010052
214502,S01010144
214503,S01010139
214504,S01010141
214505,S01010140
214506,S01010147
214507,S01010064
214508,S01010160
214509,S01010160
214510,S01010123
214511,S01010123
214512,S01010047
214513,S01009987
214514,S01009983
214515,S01009984
214516,S01009759
214517,S01009873
214518,S01009847
214519,S01009825
214520,S01009802
214521,S01010089
214522,S01010278
214523,S01010200
214524,S01010129
214525,S01010202
214526,S01010050
214527,S01010432
214528,S01009759
214529,S01010170
214530,S01010225
214531,S01010052
214532,S01010432
214533,S01010210
214534,S01010034
214535,S01009759
214536,S01010432
214537,S01010052
214538,S01010210
214539,S01010034
214540,S01010170
214541,S01009943
214542,S01010432
214543,S01010211
214544,S01010213
214545,S01010213
214546,S01010213
214547,S01010211
214548,S01010213
214549,S01010211
214550,S01010204
214551,S01010205
214552,S01010205
214553,S01010205
214554,S01010205
214555,S01010204
214556,S01010309
214557,S01010309
214558,S01010311
214559,S01010311
214560,S01010218
214561,S01010215
214562,S01010324
214563,S01010325
214564,S01010331
214565,S01010331
214566,S01010325
214567,S01010331
214568,S01010331
214569,S01010333
214570,S01010333
214571,S01010333
214572,S01010350
214573,S01010350
214574,S01010350
214575,S01010349
214576,S01010349
214577,S01010347
214578,S01010348
214579,S01010348
214580,S01010348
214581,S01010348
214582,S01010035
214583,S01010441
214584,S01010051
214585,S01009861
214586,S01010022
214587,S01010441
214588,S01010050
214589,S01010051
214590,S01010051
214591,S01010112
214592,S01010067
214593,S01010455
214594,S01010066
214595,S01010110
214596,S01010029
214597,S01009861
214598,S01010455
214599,S01010058
214600,S01010113
214601,S01010029
214602,S01009861
214603,S01010029
214604,S01010455
214605,S01010114
214606,S01009860
214607,S01010049
214608,S01010391
214609,S01010455
214610,S01010114
214611,S01010489
214612,S01010060
214613,S01009862
214614,S01010107
214615,S01010388
214616,S01010489
214617,S01010056
214618,S01009841
214619,S01010387
214620,S01009842
214621,S01010056
214622,S01010395
214623,S01010489
214624,S01009841
214625,S01009844
214626,S01010107
214627,S01010415
214628,S01009844
214629,S01010488
214630,S01010049
214631,S01010105
214632,S01010394
214633,S01009835
214634,S01010496
214635,S01010049
214636,S01010111
214637,S01010110
214638,S01010044
214639,S01010044
214640,S01010042
214641,S01010055
214642,S01010037
214643,S01010038
214644,S01010038
214645,S01010037
214646,S01010038
214647,S01010048
214648,S01010048
214649,S01010053
214650,S01009895
214651,S01009892
214652,S01010033
214653,S01009894
214654,S01010016
214655,S01010017
214656,S01009896
214657,S01009945
214658,S01009971
214659,S01009970
214660,S01009970
214661,S01009970
214662,S01009978
214663,S01009762
214664,S01009762
214665,S01009762
214666,S01009762
214667,S01009762
214668,S01009762
214669,S01009762
214670,S01009760
214671,S01010049
214672,S01010494
214673,S01010052
214674,S01010148
214675,S01010503
214676,S01010148
214677,S01010503
214678,S01009847
214679,S01010372
214680,S01009839
214681,S01010150
214682,S01010395
214683,S01010298
214684,S01010151
214685,S01010379
214686,S01009839
214687,S01010305
214688,S01010132
214689,S01010397
214690,S01009839
214691,S01010408
214692,S01010305
214693,S01009813
214694,S01010159
214695,S01010472
214696,S01010314
214697,S01009777
214698,S01010134
214699,S01010318
214700,S01010132
214701,S01009780
214702,S01010473
214703,S01010358
214704,S01010132
214705,S01009768
214706,S01010414
214707,S01010358
214708,S01009779
214709,S01010063
214710,S01010477
214711,S01010362
214712,S01010323
214713,S01010326
214714,S01010245
214715,S01010246
214716,S01010050
214717,S01010148
214718,S01010181
214719,S01010123
214720,S01010125
214721,S01010114
214722,S01010048
214723,S01010044
214724,S01010022
214725,S01010028
214726,S01010023
214727,S01009984
214728,S01009839
214729,S01009839
214730,S01009775
214731,S01010432
214732,S01010353
214733,S01010234
214734,S01010476
214735,S01010481
214736,S01010362
214737,S01010483
214738,S01010483
214739,S01010358
214740,S01010483
214741,S01010362
214742,S01010478
214743,S01010358
214744,S01010062
214745,S01010478
214746,S01010358
214747,S01010141
214748,S01010141
214749,S01010142
214750,S01010147
214751,S01010147
214752,S01010146
214753,S01010146
214754,S01010144
214755,S01010144
214756,S01010144
214757,S01010065
214758,S01010065
214759,S01010067
214760,S01010066
214761,S01010059
214762,S01010063
214763,S01010063
214764,S01010063
214765,S01010126
214766,S01010478
214767,S01010454
214768,S01010359
214769,S01010470
214770,S01010321
214771,S01010477
214772,S01010329
214773,S01010477
214774,S01010315
214775,S01010458
214776,S01010329
214777,S01010449
214778,S01010329
214779,S01010449
214780,S01010357
214781,S01010449
214782,S01010357
214783,S01010355
214784,S01010354
214785,S01010352
214786,S01010352
214787,S01010222
214788,S01010223
214789,S01010449
214790,S01010450
214791,S01010450
214792,S01010447
214793,S01010434
214794,S01010432
214795,S01010430
214796,S01010430
214797,S01010430
214798,S01010428
214799,S01010423
214800,S01009812
214801,S01009814
214802,S01009810
214803,S01009815
214804,S01009815
214805,S01009806
214806,S01009807
214807,S01009808
214808,S01009807
214809,S01009807
214810,S01009807
214811,S01009807
214812,S01009809
214813,S01009943
214814,S01009840
214815,S01009894
214816,S01010002
214817,S01009808
214818,S01009786
214819,S01009791
214820,S01009802
214821,S01009788
214822,S01009787
214823,S01009768
214824,S01010209
214825,S01010093
214826,S01010093
214827,S01010089
214828,S01010092
214829,S01010092
214830,S01010090
214831,S01010425
214832,S01010442
214833,S01010455
214834,S01010498
214835,S01010490
214836,S01010356
214837,S01010329
214838,S01010208
214839,S01010218
214840,S01010229
214841,S01010309
214842,S01010313
214843,S01010348
214844,S01010148
214845,S01010136
214846,S01010162
214847,S01010124
214848,S01010167
214849,S01010107
214850,S01010037
214851,S01010022
214852,S01010023
214853,S01009949
214854,S01010198
214855,S01010172
214856,S01010005
214857,S01009942
214858,S01010225
214859,S01009861
214860,S01009894
214861,S01010172
214862,S01010005
214863,S01010006
214864,S01010005
214865,S01009833
214866,S01010208
214867,S01010005
214868,S01010006
214869,S01010176
214870,S01009847
214871,S01010387
214872,S01010348
214873,S01010005
214874,S01010008
214875,S01010012
214876,S01010002
214877,S01010000
214878,S01010002
214879,S01010000
214880,S01010001
214881,S01010001
214882,S01010001
214883,S01010010
214884,S01009989
214885,S01009990
214886,S01009989
214887,S01009990
214888,S01009991
214889,S01009991
214890,S01009873
214891,S01009991
214892,S01009996
214893,S01009991
214894,S01009996
214895,S01009996
214896,S01009990
214897,S01009994
214898,S01009993
214899,S01009993
214900,S01009994
214901,S01009997
214902,S01009997
214903,S01009970
214904,S01009976
214905,S01009988
214906,S01009986
214907,S01009986
214908,S01009992
214909,S01009992
214910,S01009982
214911,S01009762
214912,S01009759
214913,S01009940
214914,S01009940
214915,S01009940
214916,S01009943
214917,S01009943
214918,S01009942
214919,S01010415
214920,S01009816
214921,S01010006
214922,S01009809
214923,S01009815
214924,S01010254
214925,S01010176
214926,S01009904
214927,S01009873
214928,S01009793
214929,S01010254
214930,S01009809
214931,S01010014
214932,S01009866
214933,S01010415
214934,S01010175
214935,S01010254
214936,S01010153
214937,S01009809
214938,S01010013
214939,S01009866
214940,S01010091
214941,S01010242
214942,S01010153
214943,S01009802
214944,S01010020
214945,S01010020
214946,S01010020
214947,S01010017
214948,S01010017
214949,S01010020
214950,S01010018
214951,S01010018
214952,S01010018
214953,S01010017
214954,S01010019
214955,S01010021
214956,S01009945
214957,S01009945
214958,S01009945
214959,S01009945
214960,S01009946
214961,S01009945
214962,S01009938
214963,S01009938
214964,S01009938
214965,S01009938
214966,S01009938
214967,S01009935
214968,S01009935
214969,S01009935
214970,S01009944
214971,S01009944
214972,S01009944
214973,S01009947
214974,S01009944
214975,S01009948
214976,S01009949
214977,S01009949
214978,S01009956
214979,S01009956
214980,S01009956
214981,S01009956
214982,S01009961
214983,S01009956
214984,S01009962
214985,S01009955
214986,S01010009
214987,S01009864
214988,S01010153
214989,S01010223
214990,S01010299
214991,S01010358
214992,S01010150
214993,S01010358
214994,S01009865
214995,S01010212
214996,S01010233
214997,S01010154
214998,S01010158
214999,S01010153
215000,S01009862
215001,S01010207
215002,S01010331
215003,S01010052
215004,S01010063
215005,S01009860
215006,S01010348
215007,S01010165
215008,S01010393
215009,S01010141
215010,S01010398
215011,S01010139
215012,S01009859
215013,S01010124
215014,S01010239
215015,S01010419
215016,S01010147
215017,S01009840
215018,S01010124
215019,S01010168
215020,S01010417
215021,S01010147
215022,S01009860
215023,S01010124
215024,S01010124
215025,S01010124
215026,S01010168
215027,S01010169
215028,S01010167
215029,S01010113
215030,S01010122
215031,S01010109
215032,S01010109
215033,S01010043
215034,S01010048
215035,S01010048
215036,S01010047
215037,S01009927
215038,S01009927
215039,S01009932
215040,S01009923
215041,S01009926
215042,S01009932
215043,S01009924
215044,S01009919
215045,S01009920
215046,S01009919
215047,S01009936
215048,S01009874
215049,S01009871
215050,S01009871
215051,S01009871
215052,S01009891
215053,S01009891
215054,S01009890
215055,S01009898
215056,S01009898
215057,S01009892
215058,S01009902
215059,S01009902
215060,S01010417
215061,S01010419
215062,S01009837
215063,S01010416
215064,S01009835
215065,S01010416
215066,S01009838
215067,S01009846
215068,S01010142
215069,S01009847
215070,S01010402
215071,S01010139
215072,S01009839
215073,S01009838
215074,S01009896
215075,S01009839
215076,S01009839
215077,S01009856
215078,S01009856
215079,S01009850
215080,S01009856
215081,S01009852
215082,S01009851
215083,S01009849
215084,S01009849
215085,S01009849
215086,S01009849
215087,S01009849
215088,S01009849
215089,S01009850
215090,S01009850
215091,S01009850
215092,S01009850
215093,S01010368
215094,S01010137
215095,S01009832
215096,S01009832
215097,S01009832
215098,S01009829
215099,S01009829
215100,S01009829
215101,S01009829
215102,S01009830
215103,S01009830
215104,S01009831
215105,S01009812
215106,S01009821
215107,S01009896
215108,S01010368
215109,S01010137
215110,S01009997
215111,S01010364
215112,S01010137
215113,S01010137
215114,S01010172
215115,S01010109
215116,S01010042
215117,S01010045
215118,S01010045
215119,S01010033
215120,S01009886
215121,S01009936
215122,S01009871
215123,S01010033
215124,S01009894
215125,S01009899
215126,S01010011
215127,S01010017
215128,S01010017
215129,S01009945
215130,S01009945
215131,S01009962
215132,S01009962
215133,S01009962
215134,S01010008
215135,S01010008
215136,S01010002
215137,S01010000
215138,S01009995
215139,S01009976
215140,S01009976
215141,S01009943
215142,S01009942
215143,S01010411
215144,S01009806
215145,S01010414
215146,S01010473
215147,S01010466
215148,S01010414
215149,S01010476
215150,S01010429
215151,S01010429
215152,S01010431
215153,S01010431
215154,S01010431
215155,S01010431
215156,S01010422
215157,S01010422
215158,S01010421
215159,S01010422
215160,S01010465
215161,S01010465
215162,S01010465
215163,S01010205
215164,S01010252
215165,S01010060
215166,S01010069
215167,S01010082
215168,S01010116
215169,S01009911
215170,S01010394
215171,S01010041
215172,S01010297
215173,S01010270
215174,S01010034
215175,S01010388
215176,S01010474
215177,S01010478
215178,S01010478
215179,S01010479
215180,S01010461
215181,S01010425
215182,S01010425
215183,S01010423
215184,S01010426
215185,S01010432
215186,S01010442
215187,S01010441
215188,S01010441
215189,S01010441
215190,S01010437
215191,S01010489
215192,S01010490
215193,S01010488
215194,S01010465
215195,S01010347
215196,S01010223
215197,S01010222
215198,S01010208
215199,S01010229
215200,S01010174
215201,S01010154
215202,S01010158
215203,S01010127
215204,S01010116
215205,S01010166
215206,S01010166
215207,S01010166
215208,S01010170
215209,S01010169
215210,S01010167
215211,S01010167
215212,S01009913
215213,S01010106
215214,S01010020
215215,S01010020
215216,S01010016
215217,S01010016
215218,S01009944
215219,S01009953
215220,S01009948
215221,S01009961
215222,S01010007
215223,S01010003
215224,S01009968
215225,S01009836
215226,S01009835
215227,S01009837
215228,S01009854
215229,S01009855
215230,S01009855
215231,S01009852
215232,S01009858
215233,S01009858
215234,S01009857
215235,S01009856
215236,S01009814
215237,S01009817
215238,S01009820
215239,S01009825
215240,S01009822
215241,S01009805
215242,S01009803
215243,S01009802
215244,S01009801
215245,S01009789
215246,S01009778
215247,S01010096
215248,S01010096
215249,S01010094
215250,S01010093
215251,S01009917
215252,S01010101
215253,S01010161
215254,S01009911
215255,S01010443
215256,S01010444
215257,S01010443
215258,S01010444
215259,S01010444
215260,S01010444
215261,S01010444
215262,S01010454
215263,S01010427
215264,S01010440
215265,S01010388
215266,S01010487
215267,S01010487
215268,S01010485
215269,S01010485
215270,S01010487
215271,S01010487
215272,S01010487
215273,S01010194
215274,S01010194
215275,S01010194
215276,S01010200
215277,S01010200
215278,S01010200
215279,S01010200
215280,S01010324
215281,S01010335
215282,S01010332
215283,S01010078
215284,S01010030
215285,S01009911
215286,S01010339
215287,S01010330
215288,S01010337
215289,S01010336
215290,S01010340
215291,S01010340
215292,S01010341
215293,S01010247
215294,S01010247
215295,S01010076
215296,S01010075
215297,S01010075
215298,S01010075
215299,S01010075
215300,S01010075
215301,S01010076
215302,S01010351
215303,S01009914
215304,S01010076
215305,S01010076
215306,S01010076
215307,S01010126
215308,S01010136
215309,S01010136
215310,S01010173
215311,S01009804
215312,S01009804
215313,S01009792
215314,S01009804
215315,S01010475
215316,S01010475
215317,S01009923
215318,S01010405
215319,S01010083
215320,S01010414
215321,S01009908
215322,S01010414
215323,S01010422
215324,S01010356
215325,S01010116
215326,S01009958
215327,S01009960
215328,S01010007
215329,S01009866
215330,S01009815
215331,S01010428
215332,S01010104
215333,S01010476
215334,S01010471
215335,S01010481
215336,S01010426
215337,S01010429
215338,S01010414
215339,S01009873
215340,S01010168
215341,S01010315
215342,S01010346
215343,S01010355
215344,S01010354
215345,S01010328
215346,S01010334
215347,S01010149
215348,S01010145
215349,S01010046
215350,S01010038
215351,S01009911
215352,S01009902
215353,S01009904
215354,S01009947
215355,S01009946
215356,S01009937
215357,S01009760
215358,S01009848
215359,S01009838
215360,S01009808
215361,S01009800
215362,S01009800
215363,S01010010
215364,S01010085
215365,S01009852
215366,S01010086
215367,S01010421
215368,S01009873
215369,S01010084
215370,S01010086
215371,S01010084
215372,S01010086
215373,S01010086
215374,S01010090
215375,S01010092
215376,S01010337
215377,S01010127
215378,S01009927
215379,S01010115
215380,S01010037
215381,S01009984
215382,S01009836
215383,S01009857
215384,S01010502
215385,S01010502
215386,S01010464
215387,S01010446
215388,S01010446
215389,S01010446
215390,S01010438
215391,S01010214
215392,S01010214
215393,S01010214
215394,S01010199
215395,S01010439
215396,S01010446
215397,S01009957
215398,S01010203
215399,S01010126
215400,S01010126
215401,S01010161
215402,S01010116
215403,S01010108
215404,S01009946
215405,S01009866
215406,S01010083
215407,S01010083
215408,S01010115
215409,S01010370
215410,S01010367
215411,S01010366
215412,S01010486
215413,S01010069
215414,S01010186
215415,S01009916
215416,S01009916
215417,S01009916
215418,S01010455
215419,S01010097
215420,S01010467
215421,S01010169
215422,S01010411
215423,S01010055
215424,S01009911
215425,S01009927
215426,S01009917
215427,S01009771
215428,S01009928
215429,S01009912
215430,S01009931
215431,S01010190
215432,S01010055
215433,S01009877
215434,S01009918
215435,S01009918
215436,S01009914
215437,S01009958
215438,S01009902
215439,S01010014
215440,S01010018
215441,S01009947
215442,S01009934
215443,S01009934
215444,S01009953
215445,S01009934
215446,S01009952
215447,S01009952
215448,S01009964
215449,S01009964
215450,S01010012
215451,S01010013
215452,S01010012
215453,S01010000
215454,S01010000
215455,S01009968
215456,S01010010
215457,S01009996
215458,S01009994
215459,S01009993
215460,S01009993
215461,S01009993
215462,S01009996
215463,S01009833
215464,S01009829
215465,S01009829
215466,S01009831
215467,S01009815
215468,S01009815
215469,S01009806
215470,S01009807
215471,S01009802
215472,S01009769
215473,S01010214
215474,S01010209
215475,S01010074
215476,S01009928
215477,S01010190
215478,S01009912
215479,S01010190
215480,S01009903
215481,S01010188
215482,S01009954
215483,S01010190
215484,S01009834
215485,S01009763
215486,S01009774
215487,S01009774
215488,S01009774
215489,S01009954
215490,S01009796
215491,S01009796
215492,S01009792
215493,S01009792
215494,S01009771
215495,S01010460
215496,S01010182
215497,S01010186
215498,S01010468
215499,S01010468
215500,S01010409
215501,S01010192
215502,S01010071
215503,S01009896
215504,S01009954
215505,S01009953
215506,S01009950
215507,S01009763
215508,S01009795
215509,S01010102
215510,S01010189
215511,S01010458
215512,S01010478
215513,S01010497
215514,S01010201
215515,S01010201
215516,S01010200
215517,S01010334
215518,S01010159
215519,S01010159
215520,S01010164
215521,S01010110
215522,S01009857
215523,S01009793
215524,S01010087
215525,S01009871
215526,S01010296
215527,S01010269
215528,S01010278
215529,S01010285
215530,S01010277
215531,S01010282
215532,S01010282
215533,S01010282
215534,S01010282
215535,S01010282
215536,S01010285
215537,S01010277
215538,S01010297
215539,S01010297
215540,S01010257
215541,S01010262
215542,S01010262
215543,S01010261
215544,S01010261
215545,S01010270
215546,S01010033
215547,S01010022
215548,S01010396
215549,S01010396
215550,S01010397
215551,S01010385
215552,S01010385
215553,S01010386
215554,S01010002
215555,S01010385
215556,S01010385
215557,S01010383
215558,S01010382
215559,S01010383
215560,S01010383
215561,S01009861
215562,S01010223
215563,S01010483
215564,S01010461
215565,S01010445
215566,S01010229
215567,S01010337
215568,S01010164
215569,S01010173
215570,S01010038
215571,S01009857
215572,S01009858
215573,S01009782
215574,S01010086
215575,S01009973
215576,S01010195
215577,S01010173
215578,S01010119
215579,S01010494
215580,S01009982
215581,S01009761
215582,S01010501
215583,S01009978
215584,S01009941
215585,S01010115
215586,S01010409
215587,S01010480
215588,S01010482
215589,S01010482
215590,S01010450
215591,S01010457
215592,S01010480
215593,S01010477
215594,S01010451
215595,S01010451
215596,S01010446
215597,S01010443
215598,S01010443
215599,S01010443
215600,S01010243
215601,S01010241
215602,S01010241
215603,S01010240
215604,S01010234
215605,S01009962
215606,S01010432
215607,S01010383
215608,S01010266
215609,S01010234
215610,S01010050
215611,S01010057
215612,S01010145
215613,S01010146
215614,S01010145
215615,S01010144
215616,S01010058
215617,S01010059
215618,S01010061
215619,S01010140
215620,S01010124
215621,S01010040
215622,S01010044
215623,S01010043
215624,S01009862
215625,S01009936
215626,S01010043
215627,S01010040
215628,S01010040
215629,S01010040
215630,S01010040
215631,S01010254
215632,S01010038
215633,S01010053
215634,S01010048
215635,S01009881
215636,S01009882
215637,S01009875
215638,S01009908
215639,S01009884
215640,S01009908
215641,S01009884
215642,S01009878
215643,S01009884
215644,S01009884
215645,S01009923
215646,S01009923
215647,S01009923
215648,S01009923
215649,S01009926
215650,S01009924
215651,S01009924
215652,S01009924
215653,S01009919
215654,S01009919
215655,S01009919
215656,S01010369
215657,S01010389
215658,S01009871
215659,S01010369
215660,S01010263
215661,S01010009
215662,S01009887
215663,S01010033
215664,S01010027
215665,S01010439
215666,S01010027
215667,S01010027
215668,S01010027
215669,S01010030
215670,S01010282
215671,S01010418
215672,S01010473
215673,S01010429
215674,S01010441
215675,S01010360
215676,S01010347
215677,S01010351
215678,S01010351
215679,S01010234
215680,S01010068
215681,S01010044
215682,S01010040
215683,S01009885
215684,S01010472
215685,S01010369
215686,S01010389
215687,S01010009
215688,S01009885
215689,S01009873
215690,S01009903
215691,S01009903
215692,S01009934
215693,S01010030
215694,S01009929
215695,S01009962
215696,S01010356
215697,S01010356
215698,S01010367
215699,S01010426
215700,S01010439
215701,S01010236
215702,S01010252
215703,S01010109
215704,S01010042
215705,S01010265
215706,S01010263
215707,S01010264
215708,S01010265
215709,S01010272
215710,S01010389
215711,S01010392
215712,S01010389
215713,S01010377
215714,S01010314
215715,S01009882
215716,S01009875
215717,S01010009
215718,S01010006
215719,S01010005
215720,S01009872
215721,S01010298
215722,S01010298
215723,S01010386
215724,S01010285
215725,S01009872
215726,S01009872
215727,S01009872
215728,S01009872
215729,S01009872
215730,S01009869
215731,S01009869
215732,S01009870
215733,S01009868
215734,S01009862
215735,S01009862
215736,S01009862
215737,S01009863
215738,S01009870
215739,S01009870
215740,S01009891
215741,S01009863
215742,S01009864
215743,S01009865
215744,S01009864
215745,S01009863
215746,S01009865
215747,S01009861
215748,S01009839
215749,S01009849
215750,S01009850
215751,S01009829
215752,S01009777
215753,S01010289
215754,S01010271
215755,S01010217
215756,S01010225
215757,S01010243
215758,S01010243
215759,S01010241
215760,S01010046
215761,S01010042
215762,S01009926
215763,S01010022
215764,S01010030
215765,S01010030
215766,S01009906
215767,S01009907
215768,S01009867
215769,S01010298
215770,S01010373
215771,S01010299
215772,S01010388
215773,S01010299
215774,S01010387
215775,S01010322
215776,S01010382
215777,S01010298
215778,S01010391
215779,S01010391
215780,S01010390
215781,S01010390
215782,S01010390
215783,S01010390
215784,S01010390
215785,S01010395
215786,S01010390
215787,S01010390
215788,S01010394
215789,S01010395
215790,S01010395
215791,S01010393
215792,S01010374
215793,S01010406
215794,S01010404
215795,S01010366
215796,S01010366
215797,S01010366
215798,S01010474
215799,S01010474
215800,S01010466
215801,S01010469
215802,S01010476
215803,S01010478
215804,S01010425
215805,S01010436
215806,S01010391
215807,S01010391
215808,S01010424
215809,S01010424
215810,S01010422
215811,S01009891
215812,S01010425
215813,S01010439
215814,S01010441
215815,S01010298
215816,S01010298
215817,S01010306
215818,S01010306
215819,S01010306
215820,S01010305
215821,S01010307
215822,S01010305
215823,S01009893
215824,S01010360
215825,S01010304
215826,S01009890
215827,S01010216
215828,S01009892
215829,S01010316
215830,S01010208
215831,S01009902
215832,S01009897
215833,S01009894
215834,S01009897
215835,S01009897
215836,S01009905
215837,S01009905
215838,S01009889
215839,S01009895
215840,S01009888
215841,S01009889
215842,S01009888
215843,S01009888
215844,S01009893
215845,S01009893
215846,S01009905
215847,S01009906
215848,S01009893
215849,S01009893
215850,S01009907
215851,S01009893
215852,S01009906
215853,S01009906
215854,S01009907
215855,S01009907
215856,S01009909
215857,S01009909
215858,S01009906
215859,S01009905
215860,S01009910
215861,S01009910
215862,S01009909
215863,S01009909
215864,S01009930
215865,S01010390
215866,S01010006
215867,S01009901
215868,S01009904
215869,S01010015
215870,S01010015
215871,S01010014
215872,S01010014
215873,S01010006
215874,S01010254
215875,S01010390
215876,S01010232
215877,S01009906
215878,S01010317
215879,S01010254
215880,S01009838
215881,S01010322
215882,S01010252
215883,S01010264
215884,S01010320
215885,S01010321
215886,S01010321
215887,S01010321
215888,S01010318
215889,S01010319
215890,S01010321
215891,S01010315
215892,S01010354
215893,S01010208
215894,S01010218
215895,S01010208
215896,S01010313
215897,S01010310
215898,S01010255
215899,S01010244
215900,S01010244
215901,S01010244
215902,S01010249
215903,S01010253
215904,S01010236
215905,S01010234
215906,S01010252
215907,S01010249
215908,S01010250
215909,S01010238
215910,S01010237
215911,S01010237
215912,S01010238
215913,S01010238
215914,S01010238
215915,S01010237
215916,S01010238
215917,S01010242
215918,S01010242
215919,S01010242
215920,S01010246
215921,S01010246
215922,S01010243
215923,S01010243
215924,S01010243
215925,S01010236
215926,S01010041
215927,S01010251
215928,S01010264
215929,S01010249
215930,S01010039
215931,S01010241
215932,S01010041
215933,S01010140
215934,S01010041
215935,S01010059
215936,S01010302
215937,S01010302
215938,S01010220
215939,S01010262
215940,S01010032
215941,S01010028
215942,S01010026
215943,S01010026
215944,S01010025
215945,S01010027
215946,S01010027
215947,S01010396
215948,S01010396
215949,S01010396
215950,S01010385
215951,S01010396
215952,S01010380
215953,S01010388
215954,S01010387
215955,S01010388
215956,S01010386
215957,S01010386
215958,S01010386
215959,S01010386
215960,S01010388
215961,S01010388
215962,S01010393
215963,S01010394
215964,S01010291
215965,S01010308
215966,S01010401
215967,S01010474
215968,S01010474
215969,S01010414
215970,S01010116
215971,S01010043
215972,S01010043
215973,S01010043
215974,S01010042
215975,S01010055
215976,S01009871
215977,S01009868
215978,S01009868
215979,S01009882
215980,S01009882
215981,S01009881
215982,S01009878
215983,S01009878
215984,S01009886
215985,S01009883
215986,S01009924
215987,S01009919
215988,S01010033
215989,S01009907
215990,S01009907
215991,S01009930
215992,S01010014
215993,S01009938
215994,S01009934
215995,S01009962
215996,S01010005
215997,S01010007
215998,S01009866
215999,S01009862
216000,S01010097
216001,S01010095
216002,S01010099
216003,S01010094
216004,S01010502
216005,S01010452
216006,S01010175
216007,S01009908
216008,S01010101
216009,S01010078
216010,S01010078
216011,S01010078
216012,S01010085
216013,S01010085
216014,S01010085
216015,S01010090
216016,S01010090
216017,S01010187
216018,S01010081
216019,S01010088
216020,S01010091
216021,S01009761
216022,S01009796
216023,S01010101
216024,S01009896
216025,S01009792
216026,S01010466
216027,S01010100
216028,S01010486
216029,S01010071
216030,S01010131
216031,S01009794
216032,S01009798
216033,S01009795
216034,S01009794
216035,S01010102
216036,S01010103
216037,S01010091
216038,S01010091
216039,S01010189
216040,S01010363
216041,S01010477
216042,S01010478
216043,S01010471
216044,S01010483
216045,S01010452
216046,S01010454
216047,S01010450
216048,S01010456
216049,S01010457
216050,S01010463
216051,S01010458
216052,S01010440
216053,S01010449
216054,S01010449
216055,S01010447
216056,S01010447
216057,S01010314
216058,S01010153
216059,S01009907
216060,S01010494
216061,S01010064
216062,S01010152
216063,S01009771
216064,S01010465
216065,S01009889
216066,S01009863
216067,S01010258
216068,S01010257
216069,S01010275
216070,S01010275
216071,S01010267
216072,S01010281
216073,S01010276
216074,S01010284
216075,S01010286
216076,S01010286
216077,S01010261
216078,S01010036
216079,S01010032
216080,S01010042
216081,S01009866
216082,S01010033
216083,S01010471
216084,S01010481
216085,S01010448
216086,S01010442
216087,S01010437
216088,S01010489
216089,S01010490
216090,S01010327
216091,S01010326
216092,S01010330
216093,S01010351
216094,S01010062
216095,S01010156
216096,S01010116
216097,S01010105
216098,S01009895
216099,S01009857
216100,S01009827
216101,S01009791
216102,S01009805
216103,S01009785
216104,S01009781
216105,S01009805
216106,S01010438
216107,S01010438
216108,S01010497
216109,S01010058
216110,S01010178
216111,S01010054
216112,S01010022
216113,S01009842
216114,S01010155
216115,S01009903
216116,S01009773
216117,S01010296
216118,S01010346
216119,S01010097
216120,S01010156
216121,S01010163
216122,S01009898
216123,S01009947
216124,S01009965
216125,S01009971
216126,S01009972
216127,S01009760
216128,S01009760
216129,S01009940
216130,S01009840
216131,S01009855
216132,S01009853
216133,S01009853
216134,S01009858
216135,S01009858
216136,S01009821
216137,S01009811
216138,S01009820
216139,S01009819
216140,S01009803
216141,S01010089
216142,S01010089
216143,S01010158
216144,S01010071
216145,S01010184
216146,S01010184
216147,S01010133
216148,S01010480
216149,S01010452
216150,S01010448
216151,S01010501
216152,S01010502
216153,S01010333
216154,S01010158
216155,S01009783
216156,S01009777
216157,S01010093
216158,S01010297
216159,S01009875
216160,S01009883
216161,S01009886
216162,S01009883
216163,S01009884
216164,S01009885
216165,S01009896
216166,S01010233
216167,S01009973
216168,S01009888
216169,S01010266
216170,S01010271
216171,S01010033
216172,S01010345
216173,S01009893
216174,S01010186
216175,S01010117
216176,S01010299
216177,S01010192
216178,S01010229
216179,S01009769
216180,S01009792
216181,S01010365
216182,S01010364
216183,S01010214
216184,S01010408
216185,S01010213
216186,S01010203
216187,S01010364
216188,S01010364
216189,S01010364
216190,S01010364
216191,S01010411
216192,S01010411
216193,S01010428
216194,S01010420
216195,S01010420
216196,S01010420
216197,S01010421
216198,S01010327
216199,S01010465
216200,S01010209
216201,S01010328
216202,S01010346
216203,S01010341
216204,S01010343
216205,S01010149
216206,S01010193
216207,S01010186
216208,S01010116
216209,S01010116
216210,S01009918
216211,S01009950
216212,S01009964
216213,S01009964
216214,S01009998
216215,S01009868
216216,S01010410
216217,S01009966
216218,S01010211
216219,S01009982
216220,S01009854
216221,S01009854
216222,S01009824
216223,S01009824
216224,S01009768
216225,S01009769
216226,S01009772
216227,S01009769
216228,S01009797
216229,S01009770
216230,S01010466
216231,S01010448
216232,S01010447
216233,S01010441
216234,S01010214
216235,S01010192
216236,S01010192
216237,S01010193
216238,S01009941
216239,S01009822
216240,S01009765
216241,S01010428
216242,S01009771
216243,S01009771
216244,S01010104
216245,S01010413
216246,S01010365
216247,S01010410
216248,S01010070
216249,S01009958
216250,S01009951
216251,S01009951
216252,S01009950
216253,S01009963
216254,S01009963
216255,S01009965
216256,S01009965
216257,S01009966
216258,S01010010
216259,S01009982
216260,S01009761
216261,S01009852
216262,S01009832
216263,S01009764
216264,S01009797
216265,S01009770
216266,S01010097
216267,S01010101
216268,S01010328
216269,S01010327
216270,S01009822
216271,S01010078
216272,S01009836
216273,S01009772
216274,S01009793
216275,S01010229
216276,S01010325
216277,S01009765
216278,S01010216
216279,S01010325
216280,S01009798
216281,S01010328
216282,S01010342
216283,S01010103
216284,S01010018
216285,S01010150
216286,S01010102
216287,S01010191
216288,S01010191
216289,S01010191
216290,S01010189
216291,S01010189
216292,S01010104
216293,S01009889
216294,S01010304
216295,S01010117
216296,S01010366
216297,S01010409
216298,S01010409
216299,S01010420
216300,S01010070
216301,S01010069
216302,S01010069
216303,S01010074
216304,S01010080
216305,S01010074
216306,S01010131
216307,S01010131
216308,S01010081
216309,S01010079
216310,S01010188
216311,S01010153
216312,S01009917
216313,S01009961
216314,S01009951
216315,S01009963
216316,S01010003
216317,S01009999
216318,S01009998
216319,S01010010
216320,S01009818
216321,S01009818
216322,S01009818
216323,S01009818
216324,S01010098
216325,S01009866
216326,S01009846
216327,S01009853
216328,S01009782
216329,S01010179
216330,S01010290
216331,S01010290
216332,S01010289
216333,S01010289
216334,S01010289
216335,S01010288
216336,S01010280
216337,S01010247
216338,S01010400
216339,S01010400
216340,S01010400
216341,S01010396
216342,S01010385
216343,S01010396
216344,S01010382
216345,S01010380
216346,S01010397
216347,S01010380
216348,S01010380
216349,S01010380
216350,S01010380
216351,S01010380
216352,S01010391
216353,S01010392
216354,S01010392
216355,S01010392
216356,S01010415
216357,S01010391
216358,S01010390
216359,S01010393
216360,S01010395
216361,S01010418
216362,S01010418
216363,S01010154
216364,S01010154
216365,S01010155
216366,S01010150
216367,S01010151
216368,S01010062
216369,S01010062
216370,S01010072
216371,S01010062
216372,S01010145
216373,S01010144
216374,S01010071
216375,S01010071
216376,S01010072
216377,S01010072
216378,S01010139
216379,S01010139
216380,S01010137
216381,S01010072
216382,S01010135
216383,S01010159
216384,S01010135
216385,S01010135
216386,S01010164
216387,S01010135
216388,S01010134
216389,S01010159
216390,S01010136
216391,S01010185
216392,S01010183
216393,S01010184
216394,S01010183
216395,S01010152
216396,S01010152
216397,S01010176
216398,S01010173
216399,S01010175
216400,S01010418
216401,S01010394
216402,S01010395
216403,S01010390
216404,S01010393
216405,S01010398
216406,S01010398
216407,S01010398
216408,S01010418
216409,S01010418
216410,S01010418
216411,S01010418
216412,S01010418
216413,S01010419
216414,S01010419
216415,S01010417
216416,S01010416
216417,S01010416
216418,S01010371
216419,S01010371
216420,S01010371
216421,S01010401
216422,S01010401
216423,S01010401
216424,S01010374
216425,S01010374
216426,S01010374
216427,S01010374
216428,S01010406
216429,S01010406
216430,S01010407
216431,S01010407
216432,S01010405
216433,S01010406
216434,S01010406
216435,S01010405
216436,S01010405
216437,S01010404
216438,S01010404
216439,S01010404
216440,S01010404
216441,S01010404
216442,S01010374
216443,S01010401
216444,S01010403
216445,S01010403
216446,S01010403
216447,S01010403
216448,S01010402
216449,S01010403
216450,S01010402
216451,S01009991
216452,S01009910
216453,S01009900
216454,S01009921
216455,S01009921
216456,S01009920
216457,S01009920
216458,S01009921
216459,S01009921
216460,S01009920
216461,S01009920
216462,S01009920
216463,S01009920
216464,S01009920
216465,S01009920
216466,S01009921
216467,S01009921
216468,S01009921
216469,S01009911
216470,S01009911
216471,S01009911
216472,S01009908
216473,S01009908
216474,S01009908
216475,S01009908
216476,S01009881
216477,S01009884
216478,S01009883
216479,S01009885
216480,S01009908
216481,S01009927
216482,S01009932
216483,S01010469
216484,S01010402
216485,S01009991
216486,S01009997
216487,S01009900
216488,S01009932
216489,S01009932
216490,S01009932
216491,S01009931
216492,S01009931
216493,S01009931
216494,S01009927
216495,S01009931
216496,S01009931
216497,S01009928
216498,S01009929
216499,S01009928
216500,S01009928
216501,S01009928
216502,S01009931
216503,S01009931
216504,S01009928
216505,S01009923
216506,S01009923
216507,S01009924
216508,S01009923
216509,S01010400
216510,S01010402
216511,S01010041
216512,S01010402
216513,S01010399
216514,S01010041
216515,S01010403
216516,S01009900
216517,S01009995
216518,S01010295
216519,S01010399
216520,S01009930
216521,S01009864
216522,S01010276
216523,S01009930
216524,S01010414
216525,S01010412
216526,S01010469
216527,S01009900
216528,S01009873
216529,S01010276
216530,S01010412
216531,S01010476
216532,S01009872
216533,S01010287
216534,S01009900
216535,S01010403
216536,S01010421
216537,S01009872
216538,S01010399
216539,S01010287
216540,S01009900
216541,S01010220
216542,S01010399
216543,S01010391
216544,S01009865
216545,S01010442
216546,S01010031
216547,S01010006
216548,S01010399
216549,S01010384
216550,S01010308
216551,S01010026
216552,S01009901
216553,S01009900
216554,S01009901
216555,S01009901
216556,S01009901
216557,S01009904
216558,S01009904
216559,S01009904
216560,S01010015
216561,S01010011
216562,S01010011
216563,S01010011
216564,S01010011
216565,S01010011
216566,S01010015
216567,S01010015
216568,S01010015
216569,S01010014
216570,S01010014
216571,S01010013
216572,S01010013
216573,S01010013
216574,S01010013
216575,S01009932
216576,S01009922
216577,S01009933
216578,S01009962
216579,S01009964
216580,S01009955
216581,S01010009
216582,S01010009
216583,S01010009
216584,S01010005
216585,S01010006
216586,S01010006
216587,S01010006
216588,S01010006
216589,S01010006
216590,S01010008
216591,S01010008
216592,S01010007
216593,S01010289
216594,S01010399
216595,S01010308
216596,S01010396
216597,S01010289
216598,S01010400
216599,S01010399
216600,S01010424
216601,S01010380
216602,S01010399
216603,S01010372
216604,S01010235
216605,S01010249
216606,S01010241
216607,S01009904
216608,S01009909
216609,S01009925
216610,S01009922
216611,S01010030
216612,S01009901
216613,S01010015
216614,S01010014
216615,S01010399
216616,S01010400
216617,S01009867
216618,S01010395
216619,S01010308
216620,S01010390
216621,S01010260
216622,S01009804
216623,S01010405
216624,S01010412
216625,S01010402
216626,S01010467
216627,S01010475
216628,S01010475
216629,S01010472
216630,S01010472
216631,S01010472
216632,S01010460
216633,S01010460
216634,S01010393
216635,S01010393
216636,S01010398
216637,S01010398
216638,S01010250
216639,S01010234
216640,S01009923
216641,S01009905
216642,S01010415
216643,S01010419
216644,S01010402
216645,S01010419
216646,S01010405
216647,S01010398
216648,S01010401
216649,S01010467
216650,S01010399
216651,S01010468
216652,S01010398
216653,S01010467
216654,S01010468
216655,S01010363
216656,S01010363
216657,S01010363
216658,S01010363
216659,S01010366
216660,S01010366
216661,S01010367
216662,S01010367
216663,S01010368
216664,S01010322
216665,S01010370
216666,S01010405
216667,S01010405
216668,S01010368
216669,S01010403
216670,S01010365
216671,S01010365
216672,S01010412
216673,S01010412
216674,S01010467
216675,S01010467
216676,S01010467
216677,S01010473
216678,S01010473
216679,S01010473
216680,S01010469
216681,S01010469
216682,S01010307
216683,S01010468
216684,S01010468
216685,S01010468
216686,S01010468
216687,S01010367
216688,S01010403
216689,S01010412
216690,S01010412
216691,S01010399
216692,S01010365
216693,S01010475
216694,S01010466
216695,S01010466
216696,S01010441
216697,S01010441
216698,S01010372
216699,S01010372
216700,S01010317
216701,S01010208
216702,S01010236
216703,S01010249
216704,S01010248
216705,S01010248
216706,S01010248
216707,S01010082
216708,S01009882
216709,S01009882
216710,S01009886
216711,S01010307
216712,S01009924
216713,S01010307
216714,S01010371
216715,S01010373
216716,S01010372
216717,S01009931
216718,S01010369
216719,S01009926
216720,S01010373
216721,S01010307
216722,S01010369
216723,S01010373
216724,S01010369
216725,S01010370
216726,S01010370
216727,S01010370
216728,S01010317
216729,S01010322
216730,S01010370
216731,S01010322
216732,S01010322
216733,S01010319
216734,S01010249
216735,S01010248
216736,S01010248
216737,S01010238
216738,S01010248
216739,S01010248
216740,S01010237
216741,S01010237
216742,S01010238
216743,S01010241
216744,S01010241
216745,S01010240
216746,S01010238
216747,S01010239
216748,S01010234
216749,S01010059
216750,S01010044
216751,S01010044
216752,S01009882
216753,S01009926
216754,S01009926
216755,S01009925
216756,S01009925
216757,S01009925
216758,S01009925
216759,S01009925
216760,S01009924
216761,S01009919
216762,S01009922
216763,S01009922
216764,S01009922
216765,S01009922
216766,S01009922
216767,S01009922
216768,S01009922
216769,S01009919
216770,S01009920
216771,S01009919
216772,S01009917
216773,S01009917
216774,S01009917
216775,S01009913
216776,S01009915
216777,S01009912
216778,S01009915
216779,S01009912
216780,S01009877
216781,S01009885
216782,S01009891
216783,S01009897
216784,S01009903
216785,S01009903
216786,S01009909
216787,S01009910
216788,S01009910
216789,S01009909
216790,S01009910
216791,S01009909
216792,S01009899
216793,S01009930
216794,S01009930
216795,S01009899
216796,S01009899
216797,S01009899
216798,S01009899
216799,S01009899
216800,S01009925
216801,S01010341
216802,S01009925
216803,S01009924
216804,S01010138
216805,S01009926
216806,S01010131
216807,S01009926
216808,S01010082
216809,S01009914
216810,S01010082
216811,S01009930
216812,S01010182
216813,S01009930
216814,S01010182
216815,S01009900
216816,S01010175
216817,S01009900
216818,S01009901
216819,S01009901
216820,S01009929
216821,S01009929
216822,S01010014
216823,S01009933
216824,S01009934
216825,S01009934
216826,S01010008
216827,S01010008
216828,S01010005
216829,S01010007
216830,S01010001
216831,S01009996
216832,S01009867
216833,S01009867
216834,S01009777
216835,S01010477
216836,S01010484
216837,S01010470
216838,S01010470
216839,S01010463
216840,S01010435
216841,S01010485
216842,S01010485
216843,S01010497
216844,S01010061
216845,S01010143
216846,S01010142
216847,S01010077
216848,S01010072
216849,S01010072
216850,S01010159
216851,S01010164
216852,S01010181
216853,S01010184
216854,S01010176
216855,S01010155
216856,S01009989
216857,S01009761
216858,S01009965
216859,S01009854
216860,S01010327
216861,S01010281
216862,S01010227
216863,S01010071
216864,S01009965
216865,S01010031
216866,S01010281
216867,S01009857
216868,S01009874
216869,S01009855
216870,S01009954
216871,S01009851
216872,S01009850
216873,S01009817
216874,S01009817
216875,S01009825
216876,S01009805
216877,S01009801
216878,S01009789
216879,S01010100
216880,S01010084
216881,S01010187
216882,S01010332
216883,S01010136
216884,S01009852
216885,S01010446
216886,S01010356
216887,S01010214
216888,S01010367
216889,S01010281
216890,S01010212
216891,S01010073
216892,S01009968
216893,S01010201
216894,S01010073
216895,S01010108
216896,S01009973
216897,S01009790
216898,S01009765
216899,S01010094
216900,S01010100
216901,S01010302
216902,S01010395
216903,S01010499
216904,S01010501
216905,S01010323
216906,S01009904
216907,S01009902
216908,S01009902
216909,S01009937
216910,S01009803
216911,S01010011
216912,S01009970
216913,S01009938
216914,S01010335
216915,S01009960
216916,S01009987
216917,S01009844
216918,S01009779
216919,S01010454
216920,S01010421
216921,S01010489
216922,S01010321
216923,S01009944
216924,S01009966
216925,S01010281
216926,S01009952
216927,S01010378
216928,S01010209
216929,S01010137
216930,S01009966
216931,S01010013
216932,S01010172
216933,S01010155
216934,S01010157
216935,S01010153
216936,S01010046
216937,S01010037
216938,S01010011
216939,S01010011
216940,S01009902
216941,S01009935
216942,S01009988
216943,S01009859
216944,S01009837
216945,S01009806
216946,S01009851
216947,S01009849
216948,S01010281
216949,S01009851
216950,S01009832
216951,S01009832
216952,S01009817
216953,S01009820
216954,S01009819
216955,S01009806
216956,S01010492
216957,S01010051
216958,S01010068
216959,S01010037
216960,S01010476
216961,S01010324
216962,S01010325
216963,S01010028
216964,S01010149
216965,S01010132
216966,S01009935
216967,S01009948
216968,S01009838
216969,S01009851
216970,S01009779
216971,S01010117
216972,S01010109
216973,S01010393
216974,S01010363
216975,S01010486
216976,S01010485
216977,S01010333
216978,S01010343
216979,S01010342
216980,S01010098
216981,S01010280
216982,S01010285
216983,S01009967
216984,S01010221
216985,S01010280
216986,S01010279
216987,S01010280
216988,S01010279
216989,S01010284
216990,S01010284
216991,S01010284
216992,S01010284
216993,S01010282
216994,S01010282
216995,S01010282
216996,S01010287
216997,S01010284
216998,S01010282
216999,S01010287
217000,S01010285
217001,S01010285
217002,S01010285
217003,S01010277
217004,S01010279
217005,S01010278
217006,S01010281
217007,S01010273
217008,S01010273
217009,S01010272
217010,S01010292
217011,S01010291
217012,S01010291
217013,S01010291
217014,S01010291
217015,S01010292
217016,S01010292
217017,S01010292
217018,S01010292
217019,S01010292
217020,S01010294
217021,S01010292
217022,S01010294
217023,S01010294
217024,S01010298
217025,S01010294
217026,S01010294
217027,S01010295
217028,S01010295
217029,S01010265
217030,S01010264
217031,S01010265
217032,S01010265
217033,S01010098
217034,S01010263
217035,S01010097
217036,S01010264
217037,S01010265
217038,S01010263
217039,S01010263
217040,S01010265
217041,S01010265
217042,S01010265
217043,S01010265
217044,S01010039
217045,S01010039
217046,S01010039
217047,S01010267
217048,S01010267
217049,S01010290
217050,S01010290
217051,S01010293
217052,S01009998
217053,S01010293
217054,S01010296
217055,S01010268
217056,S01010297
217057,S01010300
217058,S01010266
217059,S01010268
217060,S01010268
217061,S01010271
217062,S01010271
217063,S01010269
217064,S01010269
217065,S01010287
217066,S01010287
217067,S01010287
217068,S01010288
217069,S01010288
217070,S01010288
217071,S01010288
217072,S01010288
217073,S01010288
217074,S01010288
217075,S01010280
217076,S01010281
217077,S01010149
217078,S01010097
217079,S01009758
217080,S01010098
217081,S01009758
217082,S01010098
217083,S01009761
217084,S01010095
217085,S01009818
217086,S01010099
217087,S01009819
217088,S01009797
217089,S01009805
217090,S01010101
217091,S01010089
217092,S01010187
217093,S01010187
217094,S01009969
217095,S01009972
217096,S01010210
217097,S01009796
217098,S01010096
217099,S01010182
217100,S01010420
217101,S01009758
217102,S01009836
217103,S01010486
217104,S01010070
217105,S01010070
217106,S01010073
217107,S01010073
217108,S01010080
217109,S01010082
217110,S01010080
217111,S01010140
217112,S01010097
217113,S01010081
217114,S01010174
217115,S01009963
217116,S01009963
217117,S01010003
217118,S01010063
217119,S01010099
217120,S01010099
217121,S01010095
217122,S01010095
217123,S01010093
217124,S01010087
217125,S01010087
217126,S01010087
217127,S01010085
217128,S01010085
217129,S01010090
217130,S01010343
217131,S01009766
217132,S01010099
217133,S01010366
217134,S01010073
217135,S01009794
217136,S01009794
217137,S01010100
217138,S01010164
217139,S01010100
217140,S01010189
217141,S01010022
217142,S01010315
217143,S01010224
217144,S01010068
217145,S01010068
217146,S01010247
217147,S01010180
217148,S01010125
217149,S01010040
217150,S01009871
217151,S01009953
217152,S01009842
217153,S01009834
217154,S01009825
217155,S01010055
217156,S01009984
217157,S01010154
217158,S01010174
217159,S01010153
217160,S01010122
217161,S01010109
217162,S01010044
217163,S01009936
217164,S01009955
217165,S01009980
217166,S01009979
217167,S01009837
217168,S01009808
217169,S01010499
217170,S01010228
217171,S01010159
217172,S01009799
217173,S01009804
217174,S01010025
217175,S01010476
217176,S01010155
217177,S01010059
217178,S01009765
217179,S01010270
217180,S01010029
217181,S01010396
217182,S01010401
217183,S01010476
217184,S01010456
217185,S01010459
217186,S01010428
217187,S01010305
217188,S01010314
217189,S01010210
217190,S01010200
217191,S01010213
217192,S01010215
217193,S01010325
217194,S01010331
217195,S01010349
217196,S01010247
217197,S01010154
217198,S01010151
217199,S01010063
217200,S01010295
217201,S01010295
217202,S01010276
217203,S01010275
217204,S01010297
217205,S01010297
217206,S01010258
217207,S01010039
217208,S01010039
217209,S01010257
217210,S01010260
217211,S01010261
217212,S01010259
217213,S01009887
217214,S01010262
217215,S01010261
217216,S01010385
217217,S01010385
217218,S01010385
217219,S01010385
217220,S01010382
217221,S01010382
217222,S01010382
217223,S01010380
217224,S01010382
217225,S01010382
217226,S01010383
217227,S01010383
217228,S01010381
217229,S01010381
217230,S01010381
217231,S01010383
217232,S01010384
217233,S01010384
217234,S01010384
217235,S01010384
217236,S01010384
217237,S01010374
217238,S01010389
217239,S01010389
217240,S01010389
217241,S01010392
217242,S01010392
217243,S01010389
217244,S01010392
217245,S01010389
217246,S01010389
217247,S01010392
217248,S01010389
217249,S01010391
217250,S01010396
217251,S01010384
217252,S01010384
217253,S01010381
217254,S01010407
217255,S01010376
217256,S01010274
217257,S01009887
217258,S01010275
217259,S01010276
217260,S01010381
217261,S01010381
217262,S01010381
217263,S01010381
217264,S01010390
217265,S01010393
217266,S01010390
217267,S01010395
217268,S01010395
217269,S01010393
217270,S01010379
217271,S01010291
217272,S01010379
217273,S01010376
217274,S01010376
217275,S01010376
217276,S01010376
217277,S01010371
217278,S01010377
217279,S01010377
217280,S01010377
217281,S01010377
217282,S01010377
217283,S01010377
217284,S01010377
217285,S01010291
217286,S01010379
217287,S01010379
217288,S01010377
217289,S01010379
217290,S01010378
217291,S01010375
217292,S01010375
217293,S01010375
217294,S01010379
217295,S01010378
217296,S01010379
217297,S01010378
217298,S01010378
217299,S01010375
217300,S01010375
217301,S01010407
217302,S01010379
217303,S01010397
217304,S01010380
217305,S01010374
217306,S01010374
217307,S01010407
217308,S01010407
217309,S01009905
217310,S01010275
217311,S01010276
217312,S01010274
217313,S01010308
217314,S01010378
217315,S01010378
217316,S01010406
217317,S01010276
217318,S01010275
217319,S01010398
217320,S01009907
217321,S01010271
217322,S01010406
217323,S01010276
217324,S01010258
217325,S01010474
217326,S01009907
217327,S01010293
217328,S01010376
217329,S01010371
217330,S01010371
217331,S01010371
217332,S01010306
217333,S01010305
217334,S01010370
217335,S01010319
217336,S01010236
217337,S01010236
217338,S01010289
217339,S01010475
217340,S01010305
217341,S01010387
217342,S01010300
217343,S01010436
217344,S01010335
217345,S01010051
217346,S01010135
217347,S01010145
217348,S01010145
217349,S01010144
217350,S01010067
217351,S01010059
217352,S01010180
217353,S01010178
217354,S01010113
217355,S01009895
217356,S01009864
217357,S01009820
217358,S01009824
217359,S01009775
217360,S01010107
217361,S01010215
217362,S01010242
217363,S01010044
217364,S01009860
217365,S01010405
217366,S01010402
217367,S01010367
217368,S01010368
217369,S01010418
217370,S01010364
217371,S01010411
217372,S01010411
217373,S01010453
217374,S01010406
217375,S01010258
217376,S01009905
217377,S01010276
217378,S01010466
217379,S01010399
217380,S01010399
217381,S01010474
217382,S01010306
217383,S01010298
217384,S01010308
217385,S01010308
217386,S01010308
217387,S01010308
217388,S01010306
217389,S01010306
217390,S01010307
217391,S01010305
217392,S01010307
217393,S01010373
217394,S01010373
217395,S01010300
217396,S01010304
217397,S01010318
217398,S01010317
217399,S01010317
217400,S01010317
217401,S01010322
217402,S01010320
217403,S01010320
217404,S01010320
217405,S01010321
217406,S01010319
217407,S01010319
217408,S01010319
217409,S01010250
217410,S01010236
217411,S01010234
217412,S01010250
217413,S01010252
217414,S01010251
217415,S01010250
217416,S01010250
217417,S01010250
217418,S01010249
217419,S01010249
217420,S01010234
217421,S01010053
217422,S01009875
217423,S01009883
217424,S01009891
217425,S01010258
217426,S01010285
217427,S01010258
217428,S01010257
217429,S01010423
217430,S01010258
217431,S01010382
217432,S01010305
217433,S01010307
217434,S01010250
217435,S01010234
217436,S01009909
217437,S01010264
217438,S01010264
217439,S01010263
217440,S01010263
217441,S01010264
217442,S01010264
217443,S01010039
217444,S01010041
217445,S01010041
217446,S01010009
217447,S01010276
217448,S01010039
217449,S01010039
217450,S01010039
217451,S01010267
217452,S01010267
217453,S01010271
217454,S01010273
217455,S01010273
217456,S01010273
217457,S01010296
217458,S01010293
217459,S01010293
217460,S01010293
217461,S01010295
217462,S01010295
217463,S01010296
217464,S01010281
217465,S01010280
217466,S01010280
217467,S01010280
217468,S01010283
217469,S01010283
217470,S01010283
217471,S01010283
217472,S01009869
217473,S01009868
217474,S01009869
217475,S01009863
217476,S01010291
217477,S01010268
217478,S01010300
217479,S01010371
217480,S01010318
217481,S01010322
217482,S01010279
217483,S01010279
217484,S01010235
217485,S01010235
217486,S01010235
217487,S01010235
217488,S01010235
217489,S01010248
217490,S01010292
217491,S01010268
217492,S01010038
217493,S01010260
217494,S01010261
217495,S01010042
217496,S01010042
217497,S01009868
217498,S01009868
217499,S01010385
217500,S01010260
217501,S01010260
217502,S01010260
217503,S01010260
217504,S01010260
217505,S01010260
217506,S01010257
217507,S01010257
217508,S01010257
217509,S01010291
217510,S01010407
217511,S01010407
217512,S01010271
217513,S01010267
217514,S01010275
217515,S01010276
217516,S01010317
217517,S01010300
217518,S01010301
217519,S01010301
217520,S01010301
217521,S01010301
217522,S01010322
217523,S01010321
217524,S01010321
217525,S01010347
217526,S01010222
217527,S01010251
217528,S01010251
217529,S01010251
217530,S01010284
217531,S01010248
217532,S01010284
217533,S01010284
217534,S01010286
217535,S01010286
217536,S01010295
217537,S01010300
217538,S01010270
217539,S01010269
217540,S01010269
217541,S01010269
217542,S01010220
217543,S01010220
217544,S01010220
217545,S01010270
217546,S01010270
217547,S01010270
217548,S01010031
217549,S01010036
217550,S01010036
217551,S01010036
217552,S01010031
217553,S01010031
217554,S01010031
217555,S01010032
217556,S01010036
217557,S01010036
217558,S01010036
217559,S01010032
217560,S01010031
217561,S01010031
217562,S01010034
217563,S01010032
217564,S01010035
217565,S01010028
217566,S01010024
217567,S01010397
217568,S01010380
217569,S01010387
217570,S01010388
217571,S01010387
217572,S01010386
217573,S01010042
217574,S01009882
217575,S01009883
217576,S01010272
217577,S01010272
217578,S01010290
217579,S01010293
217580,S01010266
217581,S01010268
217582,S01010268
217583,S01010266
217584,S01010387
217585,S01010387
217586,S01010387
217587,S01010027
217588,S01010398
217589,S01010398
217590,S01009867
217591,S01009867
217592,S01010286
217593,S01010286
217594,S01010282
217595,S01010286
217596,S01010274
217597,S01010274
217598,S01010274
217599,S01010274
217600,S01010431
217601,S01010429
217602,S01010429
217603,S01010426
217604,S01010422
217605,S01010421
217606,S01010421
217607,S01010329
217608,S01010343
217609,S01010342
217610,S01010061
217611,S01010071
217612,S01010136
217613,S01010193
217614,S01010193
217615,S01010188
217616,S01009917
217617,S01009918
217618,S01009918
217619,S01009916
217620,S01009953
217621,S01009952
217622,S01009952
217623,S01009958
217624,S01009958
217625,S01009959
217626,S01009959
217627,S01009962
217628,S01009964
217629,S01010004
217630,S01010007
217631,S01010007
217632,S01010004
217633,S01010004
217634,S01010012
217635,S01009999
217636,S01010003
217637,S01010001
217638,S01009967
217639,S01010010
217640,S01009967
217641,S01009967
217642,S01010010
217643,S01010010
217644,S01009972
217645,S01009761
217646,S01009821
217647,S01009820
217648,S01009819
217649,S01009772
217680,S01010098
217681,S01010429
217717,S01010126
217718,S01010096
217765,S01009798
217767,S01010094
217769,S01009798
217772,S01010187
217774,S01009795
217820,S01010343
217822,S01010193
217824,S01010191
217826,S01010343
217827,S01010104
217830,S01010136
217831,S01010482
217834,S01010186
217835,S01009952
217836,S01009836
217837,S01009766
217838,S01009766
217839,S01009766
217840,S01009770
217841,S01010094
217842,S01009796
217843,S01010419
217844,S01010419
217845,S01010365
217846,S01010410
217847,S01010466
217848,S01010448
217849,S01010346
217850,S01010201
217851,S01010203
217852,S01010203
217853,S01010349
217854,S01010081
217855,S01009960
217856,S01010004
217857,S01010007
217858,S01009761
217859,S01009816
217860,S01010103
217861,S01010103
217862,S01010102
217863,S01010103
217864,S01010104
217865,S01010414
217866,S01010429
217867,S01010346
217868,S01010188
217869,S01009957
217870,S01009958
217871,S01009958
217872,S01010004
217873,S01009797
217874,S01010096
217875,S01010099
217876,S01009969
217877,S01010487
217879,S01010198
217882,S01010199
217884,S01010338
217887,S01010330
217888,S01010334
217889,S01010120
217890,S01010166
217891,S01009783
217892,S01010337
217893,S01010337
217894,S01010171
217895,S01010195
217896,S01010058
