"","ethnicity","sex","age","count"
"1","BAN","Male",16,4113.422509416
"2","BAN","Male",17,3959.132530848
"3","BAN","Male",18,3836.085945759
"4","BAN","Male",19,4054.613081689
"5","BAN","Male",20,4537.042836144
"6","BAN","Male",21,4589.529027155
"7","BAN","Male",22,4389.331011993
"8","BAN","Male",23,4566.942034569
"9","BAN","Male",24,4379.248079352
"10","BAN","Male",25,4479.637045414
"11","BAN","Male",26,4821.428504511
"12","BAN","Male",27,4605.83134987
"13","BAN","Male",28,4771.07006758
"14","BAN","Male",29,4694.409451809
"15","BAN","Male",30,4818.956527053
"16","BAN","Male",31,4828.643775471
"17","BAN","Male",32,4550.684236603
"18","BAN","Male",33,4622.257586785
"19","BAN","Male",34,4666.405889284
"20","BAN","Male",35,4568.209965482
"21","BAN","Male",36,4382.373458232
"22","BAN","Male",37,4650.916456513
"23","BAN","Male",38,3675.803431527
"24","BAN","Male",39,3798.201323458
"25","BAN","Male",40,3767.927389527
"26","BAN","Male",41,3524.061872294
"27","BAN","Male",42,3071.413751472
"28","BAN","Male",43,2847.281116843
"29","BAN","Male",44,2401.586673686
"30","BAN","Male",45,2015.514039718
"31","BAN","Male",46,1758.992506577
"32","BAN","Male",47,2008.118767008
"33","BAN","Male",48,1921.565400147
"34","BAN","Male",49,1870.082210989
"35","BAN","Male",50,1653.195236519
"36","BAN","Male",51,1709.515139429
"37","BAN","Male",52,1673.803932594
"38","BAN","Male",53,1547.347350829
"39","BAN","Male",54,1377.004662876
"40","BAN","Male",55,1251.720067622
"41","BAN","Male",56,1081.841768467
"42","BAN","Male",57,919.768542716
"43","BAN","Male",58,775.606262517
"44","BAN","Male",59,531.069535876
"45","BAN","Male",60,361.443773107
"46","BAN","Male",61,324.567535586
"47","BAN","Male",62,271.79315658
"48","BAN","Male",63,247.021040286
"49","BAN","Male",64,256.866075169
"50","BAN","Male",65,288.51811661
"51","BAN","Male",66,313.442860531
"52","BAN","Male",67,398.303033764
"53","BAN","Male",68,509.287431943
"54","BAN","Male",69,517.197994183
"55","BAN","Male",70,686.757592192
"56","BAN","Male",71,714.551823737
"57","BAN","Male",72,641.201012956
"58","BAN","Male",73,716.275629962
"59","BAN","Male",74,711.293896266
"60","BAN","Male",75,587.265387619
"61","BAN","Male",76,466.715975479
"62","BAN","Male",77,367.053673171
"63","BAN","Male",78,375.961041148
"64","BAN","Male",79,372.546730248
"65","BAN","Male",80,309.991508659
"66","BAN","Male",81,277.780372906
"67","BAN","Male",82,154.496514241
"68","BAN","Male",83,161.8384806
"69","BAN","Male",84,122.441030701
"70","BAN","Male",85,52.235072077
"71","BAN","Male",86,44.768198174
"72","BAN","Male",87,38.375028621
"73","BAN","Male",88,32.724171575
"74","BAN","Male",89,29.946226419
"75","BAN","Male",90,22.05995608
"76","BAN","Male",91,16.132999263
"77","BAN","Male",92,8.260434999
"78","BAN","Male",93,6.388389491
"79","BAN","Male",94,5.514256505
"80","BAN","Male",95,3.236965959
"81","BAN","Male",96,2.755907457
"82","BAN","Male",97,2.311734709
"83","BAN","Male",98,1.366945815
"84","BAN","Male",99,0.774292538
"85","BAN","Male",100,1.070200866
"86","BAN","Female",16,3970.452095828
"87","BAN","Female",17,3712.391263774
"88","BAN","Female",18,3428.290830367
"89","BAN","Female",19,3566.124757218
"90","BAN","Female",20,3758.836153456
"91","BAN","Female",21,3862.864747092
"92","BAN","Female",22,4166.204865432
"93","BAN","Female",23,4637.582772567
"94","BAN","Female",24,4611.894597511
"95","BAN","Female",25,4595.542152259
"96","BAN","Female",26,4748.500065551
"97","BAN","Female",27,4930.644098569
"98","BAN","Female",28,4913.192005974
"99","BAN","Female",29,5092.319084961
"100","BAN","Female",30,4898.575971578
"101","BAN","Female",31,4824.696767152
"102","BAN","Female",32,4423.920640036
"103","BAN","Female",33,4325.218884572
"104","BAN","Female",34,4458.248486978
"105","BAN","Female",35,3873.514627118
"106","BAN","Female",36,3966.72954245
"107","BAN","Female",37,3889.976940348
"108","BAN","Female",38,3081.285124817
"109","BAN","Female",39,3030.835635385
"110","BAN","Female",40,2646.610870219
"111","BAN","Female",41,2381.949611323
"112","BAN","Female",42,2074.500746296
"113","BAN","Female",43,1941.375794297
"114","BAN","Female",44,1720.165388498
"115","BAN","Female",45,1527.947170081
"116","BAN","Female",46,1364.485178828
"117","BAN","Female",47,1402.613034136
"118","BAN","Female",48,1257.304079322
"119","BAN","Female",49,1144.920719199
"120","BAN","Female",50,973.561436939
"121","BAN","Female",51,1024.193172612
"122","BAN","Female",52,977.121198295
"123","BAN","Female",53,1075.737866726
"124","BAN","Female",54,1229.929936293
"125","BAN","Female",55,1019.711213146
"126","BAN","Female",56,1132.747673209
"127","BAN","Female",57,1100.629055788
"128","BAN","Female",58,1277.798119396
"129","BAN","Female",59,1178.579565306
"130","BAN","Female",60,1080.643535654
"131","BAN","Female",61,936.009599687
"132","BAN","Female",62,719.889254418
"133","BAN","Female",63,667.833920188
"134","BAN","Female",64,613.050513093
"135","BAN","Female",65,567.701796351
"136","BAN","Female",66,492.36999716
"137","BAN","Female",67,554.150804671
"138","BAN","Female",68,563.204419667
"139","BAN","Female",69,562.248216313
"140","BAN","Female",70,651.195869443
"141","BAN","Female",71,650.118008557
"142","BAN","Female",72,556.717866772
"143","BAN","Female",73,452.975231205
"144","BAN","Female",74,420.930529884
"145","BAN","Female",75,428.32060532
"146","BAN","Female",76,355.939651592
"147","BAN","Female",77,317.425278826
"148","BAN","Female",78,246.801009803
"149","BAN","Female",79,175.093179497
"150","BAN","Female",80,193.870377794
"151","BAN","Female",81,154.219070451
"152","BAN","Female",82,105.846941867
"153","BAN","Female",83,75.358719041
"154","BAN","Female",84,46.29992539
"155","BAN","Female",85,46.226825195
"156","BAN","Female",86,42.989471616
"157","BAN","Female",87,38.799836717
"158","BAN","Female",88,33.665100056
"159","BAN","Female",89,30.437748323
"160","BAN","Female",90,21.911361537
"161","BAN","Female",91,16.29968228
"162","BAN","Female",92,8.975573606
"163","BAN","Female",93,8.239122099
"164","BAN","Female",94,6.686385785
"165","BAN","Female",95,5.242009457
"166","BAN","Female",96,3.796794898
"167","BAN","Female",97,3.125713786
"168","BAN","Female",98,1.500333038
"169","BAN","Female",99,1.116516458
"170","BAN","Female",100,5.160695219
"171","BLA","Male",16,8014.860612611
"172","BLA","Male",17,8281.772775252
"173","BLA","Male",18,8159.589191477
"174","BLA","Male",19,7987.938406727
"175","BLA","Male",20,8392.37485615
"176","BLA","Male",21,8460.15062826
"177","BLA","Male",22,7841.102090128
"178","BLA","Male",23,7353.754570646
"179","BLA","Male",24,7581.785720683
"180","BLA","Male",25,8311.777361827
"181","BLA","Male",26,8285.368130613
"182","BLA","Male",27,8565.84956276
"183","BLA","Male",28,9061.128944941
"184","BLA","Male",29,8878.776405438
"185","BLA","Male",30,9999.187318268
"186","BLA","Male",31,10308.138901254
"187","BLA","Male",32,10718.652936294
"188","BLA","Male",33,10149.875505838
"189","BLA","Male",34,10231.50507275
"190","BLA","Male",35,10255.340571868
"191","BLA","Male",36,10229.020121731
"192","BLA","Male",37,9343.872366827
"193","BLA","Male",38,9757.096651012
"194","BLA","Male",39,8480.631604691
"195","BLA","Male",40,9584.451755961
"196","BLA","Male",41,9138.838241335
"197","BLA","Male",42,9146.262286389
"198","BLA","Male",43,8463.025099599
"199","BLA","Male",44,8268.592260598
"200","BLA","Male",45,7998.223235499
"201","BLA","Male",46,7395.844905991
"202","BLA","Male",47,6523.571200718
"203","BLA","Male",48,6219.758453988
"204","BLA","Male",49,4957.402204037
"205","BLA","Male",50,5580.982713395
"206","BLA","Male",51,4999.93732779
"207","BLA","Male",52,4319.997518763
"208","BLA","Male",53,3781.809171063
"209","BLA","Male",54,3404.890751103
"210","BLA","Male",55,3060.841901265
"211","BLA","Male",56,2829.321394767
"212","BLA","Male",57,2223.961333563
"213","BLA","Male",58,2111.748971986
"214","BLA","Male",59,1602.070272609
"215","BLA","Male",60,1685.86266146
"216","BLA","Male",61,1511.99786092
"217","BLA","Male",62,1344.796330447
"218","BLA","Male",63,1096.331107441
"219","BLA","Male",64,1007.140588683
"220","BLA","Male",65,928.123500108
"221","BLA","Male",66,819.5483134
"222","BLA","Male",67,724.546041491
"223","BLA","Male",68,824.917555098
"224","BLA","Male",69,630.910175742
"225","BLA","Male",70,753.584138224
"226","BLA","Male",71,834.641001146
"227","BLA","Male",72,755.286139588
"228","BLA","Male",73,663.815529054
"229","BLA","Male",74,631.784572652
"230","BLA","Male",75,594.970087719
"231","BLA","Male",76,518.932858771
"232","BLA","Male",77,367.635599257
"233","BLA","Male",78,335.058531086
"234","BLA","Male",79,252.849704456
"235","BLA","Male",80,219.889988715
"236","BLA","Male",81,184.659855648
"237","BLA","Male",82,169.514266999
"238","BLA","Male",83,109.236839069
"239","BLA","Male",84,113.863546561
"240","BLA","Male",85,84.481863111
"241","BLA","Male",86,73.771610938
"242","BLA","Male",87,63.033080416
"243","BLA","Male",88,53.546029216
"244","BLA","Male",89,45.932187994
"245","BLA","Male",90,37.149642977
"246","BLA","Male",91,27.76608613
"247","BLA","Male",92,14.136752261
"248","BLA","Male",93,10.595376736
"249","BLA","Male",94,9.144264408
"250","BLA","Male",95,10.31118513
"251","BLA","Male",96,6.641355507
"252","BLA","Male",97,5.011177389
"253","BLA","Male",98,3.301692885
"254","BLA","Male",99,1.926105396
"255","BLA","Male",100,13.463768548
"256","BLA","Female",16,8255.678248341
"257","BLA","Female",17,8304.910165297
"258","BLA","Female",18,8442.013541541
"259","BLA","Female",19,8424.357587475
"260","BLA","Female",20,8457.862839246
"261","BLA","Female",21,8525.740489488
"262","BLA","Female",22,8271.104889906
"263","BLA","Female",23,8563.949385064
"264","BLA","Female",24,8909.845320574
"265","BLA","Female",25,9196.793913934
"266","BLA","Female",26,9349.709243255
"267","BLA","Female",27,9622.876103525
"268","BLA","Female",28,10508.353645352
"269","BLA","Female",29,10191.151725069
"270","BLA","Female",30,11058.00335493
"271","BLA","Female",31,11703.467351283
"272","BLA","Female",32,11812.515087694
"273","BLA","Female",33,11286.127347486
"274","BLA","Female",34,11450.943211356
"275","BLA","Female",35,11283.723814541
"276","BLA","Female",36,11053.593296991
"277","BLA","Female",37,10387.488053178
"278","BLA","Female",38,10447.536653563
"279","BLA","Female",39,8968.144404111
"280","BLA","Female",40,10123.297171146
"281","BLA","Female",41,9859.501580357
"282","BLA","Female",42,9809.741689824
"283","BLA","Female",43,9115.159986524
"284","BLA","Female",44,8701.408348274
"285","BLA","Female",45,8410.126856501
"286","BLA","Female",46,7949.767966307
"287","BLA","Female",47,6925.627479924
"288","BLA","Female",48,6566.597914854
"289","BLA","Female",49,5170.552919483
"290","BLA","Female",50,5737.201576956
"291","BLA","Female",51,5022.588194629
"292","BLA","Female",52,4282.764854681
"293","BLA","Female",53,3634.515257075
"294","BLA","Female",54,3326.972946364
"295","BLA","Female",55,2937.804195202
"296","BLA","Female",56,2827.142200874
"297","BLA","Female",57,2333.624715465
"298","BLA","Female",58,2232.316735299
"299","BLA","Female",59,1667.408068362
"300","BLA","Female",60,1789.266895044
"301","BLA","Female",61,1671.966045776
"302","BLA","Female",62,1603.16447145
"303","BLA","Female",63,1285.466530689
"304","BLA","Female",64,1313.857565783
"305","BLA","Female",65,1364.762646137
"306","BLA","Female",66,1198.329628849
"307","BLA","Female",67,1088.382298661
"308","BLA","Female",68,1183.51286525
"309","BLA","Female",69,899.495945062
"310","BLA","Female",70,994.334399785
"311","BLA","Female",71,1056.899257974
"312","BLA","Female",72,891.764036449
"313","BLA","Female",73,687.420047968
"314","BLA","Female",74,650.475636448
"315","BLA","Female",75,564.209535518
"316","BLA","Female",76,479.077554625
"317","BLA","Female",77,419.375484908
"318","BLA","Female",78,345.520722747
"319","BLA","Female",79,303.657329157
"320","BLA","Female",80,267.840762393
"321","BLA","Female",81,268.12936746
"322","BLA","Female",82,183.923464255
"323","BLA","Female",83,140.747466531
"324","BLA","Female",84,116.832632911
"325","BLA","Female",85,79.546710481
"326","BLA","Female",86,74.426934642
"327","BLA","Female",87,65.920175001
"328","BLA","Female",88,58.319480245
"329","BLA","Female",89,53.207080291
"330","BLA","Female",90,37.89817804
"331","BLA","Female",91,31.005910231
"332","BLA","Female",92,18.41069779
"333","BLA","Female",93,14.627682899
"334","BLA","Female",94,12.817887578
"335","BLA","Female",95,14.321290913
"336","BLA","Female",96,10.998366413
"337","BLA","Female",97,8.555748465
"338","BLA","Female",98,5.612516973
"339","BLA","Female",99,3.88750587
"340","BLA","Female",100,10.247583282
"341","BLC","Male",16,4002.791196079
"342","BLC","Male",17,3986.979683909
"343","BLC","Male",18,3951.524090752
"344","BLC","Male",19,4043.678801482
"345","BLC","Male",20,4036.03236099
"346","BLC","Male",21,3984.093282511
"347","BLC","Male",22,3778.272828819
"348","BLC","Male",23,3792.406990451
"349","BLC","Male",24,3597.043493891
"350","BLC","Male",25,3652.353343785
"351","BLC","Male",26,3472.27424988
"352","BLC","Male",27,3529.388172468
"353","BLC","Male",28,3610.44967498
"354","BLC","Male",29,3566.143523717
"355","BLC","Male",30,3621.972406122
"356","BLC","Male",31,3463.813095183
"357","BLC","Male",32,3504.323380542
"358","BLC","Male",33,3197.081851084
"359","BLC","Male",34,3171.427479532
"360","BLC","Male",35,3273.931938339
"361","BLC","Male",36,3185.597354793
"362","BLC","Male",37,3379.625475297
"363","BLC","Male",38,3750.316977607
"364","BLC","Male",39,4291.352029838
"365","BLC","Male",40,4510.036883782
"366","BLC","Male",41,4845.810002666
"367","BLC","Male",42,5317.945513018
"368","BLC","Male",43,5633.337086668
"369","BLC","Male",44,5920.699223466
"370","BLC","Male",45,6311.93252775
"371","BLC","Male",46,6401.796956482
"372","BLC","Male",47,6813.947881592
"373","BLC","Male",48,6655.889753059
"374","BLC","Male",49,6021.421315111
"375","BLC","Male",50,5208.50915928
"376","BLC","Male",51,4968.656174344
"377","BLC","Male",52,4534.140321757
"378","BLC","Male",53,4237.990484854
"379","BLC","Male",54,3762.352621702
"380","BLC","Male",55,3273.102251869
"381","BLC","Male",56,2798.053335361
"382","BLC","Male",57,2566.809589863
"383","BLC","Male",58,2341.776475272
"384","BLC","Male",59,2039.485415772
"385","BLC","Male",60,1751.363983059
"386","BLC","Male",61,1547.958854238
"387","BLC","Male",62,1310.541693052
"388","BLC","Male",63,1230.434350091
"389","BLC","Male",64,1313.520825571
"390","BLC","Male",65,1236.559339857
"391","BLC","Male",66,1295.278477721
"392","BLC","Male",67,1757.459971865
"393","BLC","Male",68,1995.55951115
"394","BLC","Male",69,2223.070824837
"395","BLC","Male",70,2213.893127756
"396","BLC","Male",71,2436.575968195
"397","BLC","Male",72,2445.499690111
"398","BLC","Male",73,2475.605816069
"399","BLC","Male",74,2262.530673443
"400","BLC","Male",75,2266.429363732
"401","BLC","Male",76,2070.554674589
"402","BLC","Male",77,1968.274874891
"403","BLC","Male",78,1824.178018099
"404","BLC","Male",79,1599.728526427
"405","BLC","Male",80,1486.963529338
"406","BLC","Male",81,1291.573276562
"407","BLC","Male",82,1130.605116493
"408","BLC","Male",83,853.525204139
"409","BLC","Male",84,780.331011136
"410","BLC","Male",85,571.92586177
"411","BLC","Male",86,489.821985832
"412","BLC","Male",87,421.016900369
"413","BLC","Male",88,359.174947079
"414","BLC","Male",89,301.017026192
"415","BLC","Male",90,214.082493876
"416","BLC","Male",91,158.085255749
"417","BLC","Male",92,83.129904355
"418","BLC","Male",93,63.819564598
"419","BLC","Male",94,54.068451532
"420","BLC","Male",95,32.682253287
"421","BLC","Male",96,27.064006744
"422","BLC","Male",97,19.005040871
"423","BLC","Male",98,14.206174589
"424","BLC","Male",99,7.029257835
"425","BLC","Male",100,11.349108483
"426","BLC","Female",16,3846.478670616
"427","BLC","Female",17,4063.157629744
"428","BLC","Female",18,3961.097242114
"429","BLC","Female",19,4142.395497789
"430","BLC","Female",20,4298.534080593
"431","BLC","Female",21,4208.706128141
"432","BLC","Female",22,4257.614153976
"433","BLC","Female",23,4148.966096983
"434","BLC","Female",24,4263.224958512
"435","BLC","Female",25,4287.511463522
"436","BLC","Female",26,4350.682104456
"437","BLC","Female",27,4102.78852947
"438","BLC","Female",28,4353.070777937
"439","BLC","Female",29,4317.773818364
"440","BLC","Female",30,4208.048466395
"441","BLC","Female",31,4441.033389053
"442","BLC","Female",32,4072.484021638
"443","BLC","Female",33,3907.521494089
"444","BLC","Female",34,3766.394720287
"445","BLC","Female",35,3875.856359368
"446","BLC","Female",36,3974.053736101
"447","BLC","Female",37,4009.134998036
"448","BLC","Female",38,4591.535922607
"449","BLC","Female",39,5112.856191396
"450","BLC","Female",40,5347.707797183
"451","BLC","Female",41,5697.88688523
"452","BLC","Female",42,6270.671719804
"453","BLC","Female",43,6849.265074036
"454","BLC","Female",44,7018.128097007
"455","BLC","Female",45,7499.199798078
"456","BLC","Female",46,7717.092012806
"457","BLC","Female",47,7942.656242706
"458","BLC","Female",48,7690.129526416
"459","BLC","Female",49,7009.018641276
"460","BLC","Female",50,6420.28500882
"461","BLC","Female",51,6042.646260337
"462","BLC","Female",52,5558.758208939
"463","BLC","Female",53,4940.401965859
"464","BLC","Female",54,4548.796182818
"465","BLC","Female",55,4156.116078911
"466","BLC","Female",56,3642.052001537
"467","BLC","Female",57,3228.459859274
"468","BLC","Female",58,3034.23209767
"469","BLC","Female",59,2756.388355443
"470","BLC","Female",60,2434.85851958
"471","BLC","Female",61,2281.204442428
"472","BLC","Female",62,2091.02841655
"473","BLC","Female",63,1854.511621414
"474","BLC","Female",64,1986.440673995
"475","BLC","Female",65,2005.133646511
"476","BLC","Female",66,2128.376773648
"477","BLC","Female",67,2442.509259743
"478","BLC","Female",68,2580.42948923
"479","BLC","Female",69,2721.006694855
"480","BLC","Female",70,2619.103767875
"481","BLC","Female",71,2624.792431541
"482","BLC","Female",72,2751.031579818
"483","BLC","Female",73,2645.369323688
"484","BLC","Female",74,2498.829832909
"485","BLC","Female",75,2508.291111658
"486","BLC","Female",76,2398.951152174
"487","BLC","Female",77,1989.720577023
"488","BLC","Female",78,1904.097152532
"489","BLC","Female",79,1692.658832865
"490","BLC","Female",80,1582.673457094
"491","BLC","Female",81,1446.810117149
"492","BLC","Female",82,1244.555733817
"493","BLC","Female",83,1010.604297041
"494","BLC","Female",84,832.134627022
"495","BLC","Female",85,599.888186299
"496","BLC","Female",86,561.25660371
"497","BLC","Female",87,494.422591779
"498","BLC","Female",88,437.161635781
"499","BLC","Female",89,403.546847958
"500","BLC","Female",90,246.684738924
"501","BLC","Female",91,194.474131309
"502","BLC","Female",92,117.817414811
"503","BLC","Female",93,95.0202804
"504","BLC","Female",94,81.034182874
"505","BLC","Female",95,55.241836764
"506","BLC","Female",96,43.447530466
"507","BLC","Female",97,34.434176376
"508","BLC","Female",98,21.061046235
"509","BLC","Female",99,15.59807474
"510","BLC","Female",100,21.3129883
"511","CHI","Male",16,2733.520266223
"512","CHI","Male",17,3381.282739252
"513","CHI","Male",18,4050.63118837
"514","CHI","Male",19,4858.004889729
"515","CHI","Male",20,7529.31632884
"516","CHI","Male",21,9670.509649396
"517","CHI","Male",22,10648.041952244
"518","CHI","Male",23,9331.964721536
"519","CHI","Male",24,7262.82730275
"520","CHI","Male",25,5832.010152697
"521","CHI","Male",26,5370.302994126
"522","CHI","Male",27,5030.829660715
"523","CHI","Male",28,5070.085370524
"524","CHI","Male",29,4923.291315133
"525","CHI","Male",30,4249.072481584
"526","CHI","Male",31,4412.516640503
"527","CHI","Male",32,4108.966861463
"528","CHI","Male",33,3717.163977173
"529","CHI","Male",34,3605.045429449
"530","CHI","Male",35,3308.833462373
"531","CHI","Male",36,3249.445362476
"532","CHI","Male",37,3029.860021146
"533","CHI","Male",38,2964.797889966
"534","CHI","Male",39,2773.455504102
"535","CHI","Male",40,2577.49684176
"536","CHI","Male",41,2404.306958119
"537","CHI","Male",42,2569.605377513
"538","CHI","Male",43,2238.651984895
"539","CHI","Male",44,2197.915702773
"540","CHI","Male",45,2289.792788348
"541","CHI","Male",46,2180.609755905
"542","CHI","Male",47,2273.202339709
"543","CHI","Male",48,2337.683908615
"544","CHI","Male",49,2082.85546078
"545","CHI","Male",50,2053.131246093
"546","CHI","Male",51,1989.821208596
"547","CHI","Male",52,2031.520747007
"548","CHI","Male",53,2011.800366977
"549","CHI","Male",54,1967.281744099
"550","CHI","Male",55,1841.176607101
"551","CHI","Male",56,1626.275089687
"552","CHI","Male",57,1592.059174825
"553","CHI","Male",58,1401.63570552
"554","CHI","Male",59,1377.057703934
"555","CHI","Male",60,1284.685689431
"556","CHI","Male",61,1177.450189632
"557","CHI","Male",62,1047.264762149
"558","CHI","Male",63,1029.409459656
"559","CHI","Male",64,958.39912554
"560","CHI","Male",65,774.975258387
"561","CHI","Male",66,670.436747281
"562","CHI","Male",67,652.462058134
"563","CHI","Male",68,597.046249886
"564","CHI","Male",69,597.751281315
"565","CHI","Male",70,609.560197084
"566","CHI","Male",71,626.164954737
"567","CHI","Male",72,638.167432401
"568","CHI","Male",73,609.617280829
"569","CHI","Male",74,556.082857681
"570","CHI","Male",75,520.259545538
"571","CHI","Male",76,490.79045766
"572","CHI","Male",77,436.153046992
"573","CHI","Male",78,359.625352302
"574","CHI","Male",79,317.431421935
"575","CHI","Male",80,283.496335257
"576","CHI","Male",81,259.059215663
"577","CHI","Male",82,183.29083574
"578","CHI","Male",83,186.704173026
"579","CHI","Male",84,142.850333945
"580","CHI","Male",85,110.821178028
"581","CHI","Male",86,95.22847369
"582","CHI","Male",87,82.638368255
"583","CHI","Male",88,69.585145256
"584","CHI","Male",89,58.747396269
"585","CHI","Male",90,42.14430568
"586","CHI","Male",91,30.34434854
"587","CHI","Male",92,16.434537424
"588","CHI","Male",93,12.439952664
"589","CHI","Male",94,10.122980174
"590","CHI","Male",95,12.139432734
"591","CHI","Male",96,10.145965041
"592","CHI","Male",97,6.924994156
"593","CHI","Male",98,5.270219994
"594","CHI","Male",99,3.206921861
"595","CHI","Male",100,2.224272939
"596","CHI","Female",16,2611.098283214
"597","CHI","Female",17,3320.027737933
"598","CHI","Female",18,4290.47637916
"599","CHI","Female",19,5492.462325706
"600","CHI","Female",20,8546.955759755
"601","CHI","Female",21,9986.551385161
"602","CHI","Female",22,11246.042973153
"603","CHI","Female",23,9950.855674434
"604","CHI","Female",24,7322.479411454
"605","CHI","Female",25,5442.395969692
"606","CHI","Female",26,5208.321327375
"607","CHI","Female",27,5301.327746623
"608","CHI","Female",28,5813.65454344
"609","CHI","Female",29,5380.293607441
"610","CHI","Female",30,4805.058150079
"611","CHI","Female",31,4772.196729427
"612","CHI","Female",32,4522.098342374
"613","CHI","Female",33,4238.264388911
"614","CHI","Female",34,4019.935875569
"615","CHI","Female",35,3783.793391785
"616","CHI","Female",36,3532.564933562
"617","CHI","Female",37,3466.172307517
"618","CHI","Female",38,3376.544710292
"619","CHI","Female",39,3266.311867287
"620","CHI","Female",40,3178.702435915
"621","CHI","Female",41,3057.539445949
"622","CHI","Female",42,3214.974153046
"623","CHI","Female",43,2779.886995841
"624","CHI","Female",44,2736.836149475
"625","CHI","Female",45,2637.744409025
"626","CHI","Female",46,2671.548775317
"627","CHI","Female",47,3014.577032558
"628","CHI","Female",48,3002.972491721
"629","CHI","Female",49,2614.645886518
"630","CHI","Female",50,2499.259260933
"631","CHI","Female",51,2351.602639682
"632","CHI","Female",52,2382.615976523
"633","CHI","Female",53,2373.458124213
"634","CHI","Female",54,2313.050458962
"635","CHI","Female",55,2134.177078764
"636","CHI","Female",56,2042.873754903
"637","CHI","Female",57,2137.846421431
"638","CHI","Female",58,1919.460558348
"639","CHI","Female",59,1829.526502613
"640","CHI","Female",60,1611.735458885
"641","CHI","Female",61,1633.54007285
"642","CHI","Female",62,1475.205417414
"643","CHI","Female",63,1353.855802659
"644","CHI","Female",64,1206.529436801
"645","CHI","Female",65,914.821052897
"646","CHI","Female",66,764.399038976
"647","CHI","Female",67,722.208210175
"648","CHI","Female",68,632.198089068
"649","CHI","Female",69,651.122618684
"650","CHI","Female",70,597.020686174
"651","CHI","Female",71,642.182706558
"652","CHI","Female",72,606.964259104
"653","CHI","Female",73,639.705761808
"654","CHI","Female",74,567.899357167
"655","CHI","Female",75,509.42940122
"656","CHI","Female",76,483.714411367
"657","CHI","Female",77,467.535808003
"658","CHI","Female",78,435.18007144
"659","CHI","Female",79,374.653236435
"660","CHI","Female",80,350.83577707
"661","CHI","Female",81,309.875959576
"662","CHI","Female",82,301.88728963
"663","CHI","Female",83,198.463409447
"664","CHI","Female",84,209.552242035
"665","CHI","Female",85,173.250858681
"666","CHI","Female",86,159.471737695
"667","CHI","Female",87,144.379201494
"668","CHI","Female",88,129.058921235
"669","CHI","Female",89,117.344442315
"670","CHI","Female",90,83.456751917
"671","CHI","Female",91,65.610737304
"672","CHI","Female",92,40.177931142
"673","CHI","Female",93,31.20232763
"674","CHI","Female",94,27.206351893
"675","CHI","Female",95,20.002706644
"676","CHI","Female",96,15.152154375
"677","CHI","Female",97,10.967557719
"678","CHI","Female",98,7.543581952
"679","CHI","Female",99,4.848430344
"680","CHI","Female",100,12.955753878
"681","IND","Male",16,7959.752839801
"682","IND","Male",17,8291.630167862
"683","IND","Male",18,8942.67027752
"684","IND","Male",19,10076.121363989
"685","IND","Male",20,10922.988205339
"686","IND","Male",21,12092.893949834
"687","IND","Male",22,13809.003612899
"688","IND","Male",23,15262.572057373
"689","IND","Male",24,15880.501625252
"690","IND","Male",25,16786.662972187
"691","IND","Male",26,17480.108121096
"692","IND","Male",27,16575.265956883
"693","IND","Male",28,17097.718532639
"694","IND","Male",29,17691.769369848
"695","IND","Male",30,17473.04250221
"696","IND","Male",31,17769.762663878
"697","IND","Male",32,17525.100555102
"698","IND","Male",33,16270.118226219
"699","IND","Male",34,16134.295093142
"700","IND","Male",35,15312.959866565
"701","IND","Male",36,13981.559729845
"702","IND","Male",37,13177.410845367
"703","IND","Male",38,12910.557716398
"704","IND","Male",39,12233.025200977
"705","IND","Male",40,11426.915171419
"706","IND","Male",41,11372.259596571
"707","IND","Male",42,10909.047655532
"708","IND","Male",43,10115.285556152
"709","IND","Male",44,9301.656663595
"710","IND","Male",45,8728.752528516
"711","IND","Male",46,8449.655957981
"712","IND","Male",47,8507.8556365
"713","IND","Male",48,8357.666180972
"714","IND","Male",49,8431.129195844
"715","IND","Male",50,8588.783544025
"716","IND","Male",51,8457.124629429
"717","IND","Male",52,8189.489282543
"718","IND","Male",53,8082.863509145
"719","IND","Male",54,8199.967373839
"720","IND","Male",55,8194.751541484
"721","IND","Male",56,8033.513084904
"722","IND","Male",57,7524.695298855
"723","IND","Male",58,7549.202556801
"724","IND","Male",59,6684.029446306
"725","IND","Male",60,6272.672861584
"726","IND","Male",61,5829.066322526
"727","IND","Male",62,5398.254220256
"728","IND","Male",63,4728.967550306
"729","IND","Male",64,4413.78073591
"730","IND","Male",65,3975.323229851
"731","IND","Male",66,3468.700379551
"732","IND","Male",67,3620.505047884
"733","IND","Male",68,3669.44083657
"734","IND","Male",69,3535.075326576
"735","IND","Male",70,3424.904952063
"736","IND","Male",71,3537.330253261
"737","IND","Male",72,3478.627203573
"738","IND","Male",73,3176.467478977
"739","IND","Male",74,3082.269794812
"740","IND","Male",75,2935.694492007
"741","IND","Male",76,2453.894582723
"742","IND","Male",77,2447.325567034
"743","IND","Male",78,2135.085871604
"744","IND","Male",79,1986.416245008
"745","IND","Male",80,1653.170576296
"746","IND","Male",81,1420.165647428
"747","IND","Male",82,1165.868329038
"748","IND","Male",83,981.178695616
"749","IND","Male",84,785.076842754
"750","IND","Male",85,650.34559344
"751","IND","Male",86,549.743106282
"752","IND","Male",87,473.262675517
"753","IND","Male",88,415.721611353
"754","IND","Male",89,344.98686219
"755","IND","Male",90,265.241666679
"756","IND","Male",91,199.776747256
"757","IND","Male",92,99.790618838
"758","IND","Male",93,78.053597729
"759","IND","Male",94,69.72917434
"760","IND","Male",95,55.495287919
"761","IND","Male",96,41.331114999
"762","IND","Male",97,27.45443976
"763","IND","Male",98,17.979808138
"764","IND","Male",99,11.507169145
"765","IND","Male",100,37.28014558
"766","IND","Female",16,7550.276089014
"767","IND","Female",17,7789.310978183
"768","IND","Female",18,8231.04078837
"769","IND","Female",19,9311.267642473
"770","IND","Female",20,9588.721774028
"771","IND","Female",21,10086.727303933
"772","IND","Female",22,10846.075213053
"773","IND","Female",23,11943.578881208
"774","IND","Female",24,12768.568211799
"775","IND","Female",25,14399.938002042
"776","IND","Female",26,15279.092737322
"777","IND","Female",27,15742.580994689
"778","IND","Female",28,16526.380732776
"779","IND","Female",29,16712.632306648
"780","IND","Female",30,17072.444606801
"781","IND","Female",31,17071.831524071
"782","IND","Female",32,16372.765995348
"783","IND","Female",33,15219.911837771
"784","IND","Female",34,14547.615267429
"785","IND","Female",35,13472.905593353
"786","IND","Female",36,12800.575619339
"787","IND","Female",37,11935.399568869
"788","IND","Female",38,11820.775808416
"789","IND","Female",39,11128.262292354
"790","IND","Female",40,10908.127603872
"791","IND","Female",41,10837.448408287
"792","IND","Female",42,10364.982060955
"793","IND","Female",43,10007.575351105
"794","IND","Female",44,9469.73345422
"795","IND","Female",45,9272.13823276
"796","IND","Female",46,8734.925819193
"797","IND","Female",47,9010.434349622
"798","IND","Female",48,8966.541114639
"799","IND","Female",49,9118.562224712
"800","IND","Female",50,8888.745216709
"801","IND","Female",51,8891.721290372
"802","IND","Female",52,8601.510369571
"803","IND","Female",53,8449.37545348
"804","IND","Female",54,8270.968596687
"805","IND","Female",55,8060.296122039
"806","IND","Female",56,7916.484190258
"807","IND","Female",57,7221.989562298
"808","IND","Female",58,7275.403186784
"809","IND","Female",59,6777.987983976
"810","IND","Female",60,6473.53793712
"811","IND","Female",61,6216.400496186
"812","IND","Female",62,5703.646254335
"813","IND","Female",63,5173.844074355
"814","IND","Female",64,4762.626744229
"815","IND","Female",65,4457.962222268
"816","IND","Female",66,3853.443500232
"817","IND","Female",67,4108.452625096
"818","IND","Female",68,4024.885518586
"819","IND","Female",69,3846.54347636
"820","IND","Female",70,3505.448287197
"821","IND","Female",71,3715.474564546
"822","IND","Female",72,3477.719571634
"823","IND","Female",73,3230.925733688
"824","IND","Female",74,3009.384726769
"825","IND","Female",75,2776.435925197
"826","IND","Female",76,2672.496983244
"827","IND","Female",77,2384.965987411
"828","IND","Female",78,2230.447539073
"829","IND","Female",79,1965.525147212
"830","IND","Female",80,1906.572330488
"831","IND","Female",81,1694.459742188
"832","IND","Female",82,1331.895745026
"833","IND","Female",83,1248.33570142
"834","IND","Female",84,987.503538759
"835","IND","Female",85,798.527998044
"836","IND","Female",86,754.692043339
"837","IND","Female",87,664.957203768
"838","IND","Female",88,595.25434268
"839","IND","Female",89,542.865532758
"840","IND","Female",90,394.09049216
"841","IND","Female",91,305.53458166
"842","IND","Female",92,183.558021581
"843","IND","Female",93,146.815777411
"844","IND","Female",94,126.675614277
"845","IND","Female",95,92.41183681
"846","IND","Female",96,74.464461044
"847","IND","Female",97,56.011573464
"848","IND","Female",98,36.517721625
"849","IND","Female",99,24.566735356
"850","IND","Female",100,81.476361086
"851","MIX","Male",16,13388.223510815
"852","MIX","Male",17,13853.464653823
"853","MIX","Male",18,12847.018053687
"854","MIX","Male",19,12489.557623591
"855","MIX","Male",20,13136.285118959
"856","MIX","Male",21,12362.963495753
"857","MIX","Male",22,11679.847694465
"858","MIX","Male",23,11276.048316486
"859","MIX","Male",24,10390.543985035
"860","MIX","Male",25,11020.89871815
"861","MIX","Male",26,10520.74217905
"862","MIX","Male",27,9966.356379065
"863","MIX","Male",28,9759.740732753
"864","MIX","Male",29,9238.883426495
"865","MIX","Male",30,9006.964706107
"866","MIX","Male",31,8752.531625135
"867","MIX","Male",32,8259.008863387
"868","MIX","Male",33,7536.026608276
"869","MIX","Male",34,7093.409573177
"870","MIX","Male",35,6664.683093706
"871","MIX","Male",36,6175.565923068
"872","MIX","Male",37,5991.3284877
"873","MIX","Male",38,6194.898134658
"874","MIX","Male",39,6232.434057675
"875","MIX","Male",40,6160.474536319
"876","MIX","Male",41,5888.59323471
"877","MIX","Male",42,5936.248063676
"878","MIX","Male",43,5773.930514527
"879","MIX","Male",44,5681.536851603
"880","MIX","Male",45,5419.388899249
"881","MIX","Male",46,5436.950745438
"882","MIX","Male",47,5045.916785613
"883","MIX","Male",48,4693.382538511
"884","MIX","Male",49,4352.285602873
"885","MIX","Male",50,3902.902588042
"886","MIX","Male",51,3507.354615285
"887","MIX","Male",52,3199.822255083
"888","MIX","Male",53,2845.499613342
"889","MIX","Male",54,2553.03704791
"890","MIX","Male",55,2368.007434527
"891","MIX","Male",56,2152.413180231
"892","MIX","Male",57,1819.864873019
"893","MIX","Male",58,1865.666059742
"894","MIX","Male",59,1614.849344146
"895","MIX","Male",60,1527.437970885
"896","MIX","Male",61,1476.150471723
"897","MIX","Male",62,1366.660635947
"898","MIX","Male",63,1264.29340952
"899","MIX","Male",64,1381.311742538
"900","MIX","Male",65,1379.667552159
"901","MIX","Male",66,1262.004567052
"902","MIX","Male",67,1109.389277351
"903","MIX","Male",68,1022.783591835
"904","MIX","Male",69,984.152779732
"905","MIX","Male",70,891.855968408
"906","MIX","Male",71,901.059136437
"907","MIX","Male",72,864.610939972
"908","MIX","Male",73,867.224646032
"909","MIX","Male",74,823.145670879
"910","MIX","Male",75,774.065308389
"911","MIX","Male",76,710.297321143
"912","MIX","Male",77,702.816805823
"913","MIX","Male",78,625.387959818
"914","MIX","Male",79,511.007094424
"915","MIX","Male",80,516.123576279
"916","MIX","Male",81,492.052560129
"917","MIX","Male",82,450.681855807
"918","MIX","Male",83,359.307619952
"919","MIX","Male",84,336.337444107
"920","MIX","Male",85,286.246357988
"921","MIX","Male",86,245.200427822
"922","MIX","Male",87,211.617225068
"923","MIX","Male",88,179.015356677
"924","MIX","Male",89,152.829442333
"925","MIX","Male",90,117.203602305
"926","MIX","Male",91,85.704349673
"927","MIX","Male",92,46.452758311
"928","MIX","Male",93,34.470394154
"929","MIX","Male",94,29.672669374
"930","MIX","Male",95,31.575898944
"931","MIX","Male",96,25.360529905
"932","MIX","Male",97,16.98682727
"933","MIX","Male",98,12.481046026
"934","MIX","Male",99,6.97754578
"935","MIX","Male",100,9.283379349
"936","MIX","Female",16,13175.727569443
"937","MIX","Female",17,12969.509988716
"938","MIX","Female",18,12797.695793779
"939","MIX","Female",19,13015.013105543
"940","MIX","Female",20,12529.156162165
"941","MIX","Female",21,12250.17753673
"942","MIX","Female",22,11833.353043917
"943","MIX","Female",23,11604.173647317
"944","MIX","Female",24,11535.984077953
"945","MIX","Female",25,10646.453445083
"946","MIX","Female",26,10368.06582193
"947","MIX","Female",27,10001.505185654
"948","MIX","Female",28,9761.80568055
"949","MIX","Female",29,9722.008772471
"950","MIX","Female",30,9168.289453515
"951","MIX","Female",31,8691.639711914
"952","MIX","Female",32,8341.117079123
"953","MIX","Female",33,7667.299776738
"954","MIX","Female",34,7232.011155669
"955","MIX","Female",35,6909.083928014
"956","MIX","Female",36,6649.472429205
"957","MIX","Female",37,6637.20000764
"958","MIX","Female",38,6684.538786653
"959","MIX","Female",39,6443.356115454
"960","MIX","Female",40,6508.917509548
"961","MIX","Female",41,6162.113130405
"962","MIX","Female",42,6154.262480788
"963","MIX","Female",43,6008.349645906
"964","MIX","Female",44,6091.426555345
"965","MIX","Female",45,5827.603095363
"966","MIX","Female",46,5642.456810225
"967","MIX","Female",47,5419.384946413
"968","MIX","Female",48,4944.101366609
"969","MIX","Female",49,4484.889125156
"970","MIX","Female",50,3994.957105772
"971","MIX","Female",51,3824.99708146
"972","MIX","Female",52,3487.344765573
"973","MIX","Female",53,3007.198475925
"974","MIX","Female",54,2842.04999467
"975","MIX","Female",55,2453.44231368
"976","MIX","Female",56,2296.397661957
"977","MIX","Female",57,2143.8905371
"978","MIX","Female",58,1931.013643193
"979","MIX","Female",59,1844.278802437
"980","MIX","Female",60,1767.752956104
"981","MIX","Female",61,1702.274918778
"982","MIX","Female",62,1598.529590359
"983","MIX","Female",63,1504.888322862
"984","MIX","Female",64,1577.395957815
"985","MIX","Female",65,1411.202443046
"986","MIX","Female",66,1399.935979897
"987","MIX","Female",67,1255.780706294
"988","MIX","Female",68,1126.242429227
"989","MIX","Female",69,1044.117593307
"990","MIX","Female",70,992.005797639
"991","MIX","Female",71,954.439491097
"992","MIX","Female",72,856.01580929
"993","MIX","Female",73,850.142009409
"994","MIX","Female",74,879.912976355
"995","MIX","Female",75,828.994269367
"996","MIX","Female",76,753.391687598
"997","MIX","Female",77,698.162622601
"998","MIX","Female",78,708.449940293
"999","MIX","Female",79,629.503713213
"1000","MIX","Female",80,579.567031945
"1001","MIX","Female",81,537.272663552
"1002","MIX","Female",82,495.603341574
"1003","MIX","Female",83,446.581808643
"1004","MIX","Female",84,460.072978595
"1005","MIX","Female",85,346.858398103
"1006","MIX","Female",86,319.650476783
"1007","MIX","Female",87,290.298031778
"1008","MIX","Female",88,262.821004266
"1009","MIX","Female",89,239.919659647
"1010","MIX","Female",90,189.843970491
"1011","MIX","Female",91,148.226587379
"1012","MIX","Female",92,89.938610339
"1013","MIX","Female",93,70.163413126
"1014","MIX","Female",94,63.946074922
"1015","MIX","Female",95,53.197889685
"1016","MIX","Female",96,42.62681745
"1017","MIX","Female",97,32.127658406
"1018","MIX","Female",98,20.913099605
"1019","MIX","Female",99,14.675142751
"1020","MIX","Female",100,34.940385812
"1021","OAS","Male",16,6113.81481937
"1022","OAS","Male",17,6738.147926488
"1023","OAS","Male",18,6567.26798872
"1024","OAS","Male",19,6808.21325984
"1025","OAS","Male",20,7957.489959529
"1026","OAS","Male",21,7906.458186006
"1027","OAS","Male",22,7441.964166276
"1028","OAS","Male",23,7575.100223543
"1029","OAS","Male",24,7562.970616858
"1030","OAS","Male",25,8293.277250545
"1031","OAS","Male",26,8460.665772941
"1032","OAS","Male",27,8129.695685358
"1033","OAS","Male",28,8228.291327196
"1034","OAS","Male",29,7992.369924148
"1035","OAS","Male",30,8446.316835423
"1036","OAS","Male",31,8978.576971858
"1037","OAS","Male",32,9205.778761137
"1038","OAS","Male",33,9162.439739836
"1039","OAS","Male",34,9638.667458679
"1040","OAS","Male",35,9470.2633619
"1041","OAS","Male",36,9681.563317978
"1042","OAS","Male",37,9521.483515736
"1043","OAS","Male",38,9047.387771252
"1044","OAS","Male",39,9002.579632885
"1045","OAS","Male",40,8069.191303478
"1046","OAS","Male",41,7594.99923933
"1047","OAS","Male",42,6891.177977731
"1048","OAS","Male",43,6324.168894852
"1049","OAS","Male",44,5857.321769368
"1050","OAS","Male",45,5654.196451099
"1051","OAS","Male",46,5319.186419246
"1052","OAS","Male",47,4844.347615822
"1053","OAS","Male",48,4797.015642016
"1054","OAS","Male",49,4675.152809674
"1055","OAS","Male",50,4537.966702439
"1056","OAS","Male",51,3895.148164333
"1057","OAS","Male",52,3694.663508541
"1058","OAS","Male",53,3391.46443926
"1059","OAS","Male",54,3260.209897832
"1060","OAS","Male",55,3131.334132116
"1061","OAS","Male",56,3037.900804847
"1062","OAS","Male",57,2777.449747468
"1063","OAS","Male",58,2684.94922633
"1064","OAS","Male",59,2598.497653584
"1065","OAS","Male",60,2419.047410652
"1066","OAS","Male",61,2264.85875968
"1067","OAS","Male",62,2047.094655056
"1068","OAS","Male",63,1918.097074405
"1069","OAS","Male",64,1874.690548179
"1070","OAS","Male",65,1539.281716221
"1071","OAS","Male",66,1462.148938038
"1072","OAS","Male",67,1471.082483128
"1073","OAS","Male",68,1309.030404153
"1074","OAS","Male",69,1147.992696778
"1075","OAS","Male",70,1099.249005942
"1076","OAS","Male",71,1128.221974584
"1077","OAS","Male",72,987.871830111
"1078","OAS","Male",73,943.670632438
"1079","OAS","Male",74,821.395616634
"1080","OAS","Male",75,805.247109073
"1081","OAS","Male",76,762.199636019
"1082","OAS","Male",77,621.498434598
"1083","OAS","Male",78,587.701139292
"1084","OAS","Male",79,496.067513181
"1085","OAS","Male",80,486.159035927
"1086","OAS","Male",81,372.453703578
"1087","OAS","Male",82,301.171872216
"1088","OAS","Male",83,298.491415938
"1089","OAS","Male",84,195.129862324
"1090","OAS","Male",85,166.674780706
"1091","OAS","Male",86,143.581495486
"1092","OAS","Male",87,124.470959527
"1093","OAS","Male",88,107.636741841
"1094","OAS","Male",89,90.216164733
"1095","OAS","Male",90,76.779133903
"1096","OAS","Male",91,56.767178086
"1097","OAS","Male",92,29.671181675
"1098","OAS","Male",93,23.449835596
"1099","OAS","Male",94,20.379667703
"1100","OAS","Male",95,14.061100042
"1101","OAS","Male",96,10.70458426
"1102","OAS","Male",97,7.017689534
"1103","OAS","Male",98,4.48129581
"1104","OAS","Male",99,2.508126736
"1105","OAS","Male",100,8.24303345
"1106","OAS","Female",16,5217.336972827
"1107","OAS","Female",17,5296.824849114
"1108","OAS","Female",18,5467.733589272
"1109","OAS","Female",19,5670.662443329
"1110","OAS","Female",20,6379.372561019
"1111","OAS","Female",21,6738.267014642
"1112","OAS","Female",22,6791.757610875
"1113","OAS","Female",23,7402.312179524
"1114","OAS","Female",24,7953.358181423
"1115","OAS","Female",25,8117.99924067
"1116","OAS","Female",26,8464.813515553
"1117","OAS","Female",27,8362.979022279
"1118","OAS","Female",28,8734.326619414
"1119","OAS","Female",29,9382.321370289
"1120","OAS","Female",30,9652.252781445
"1121","OAS","Female",31,9868.763942376
"1122","OAS","Female",32,10354.45518774
"1123","OAS","Female",33,10333.108927724
"1124","OAS","Female",34,10751.193776616
"1125","OAS","Female",35,10862.837653228
"1126","OAS","Female",36,10843.115761386
"1127","OAS","Female",37,10554.377477336
"1128","OAS","Female",38,10364.949230661
"1129","OAS","Female",39,10206.195582229
"1130","OAS","Female",40,9332.380397565
"1131","OAS","Female",41,9010.450363014
"1132","OAS","Female",42,8175.049632761
"1133","OAS","Female",43,7361.530746213
"1134","OAS","Female",44,6828.38825991
"1135","OAS","Female",45,6316.586373442
"1136","OAS","Female",46,5990.006503485
"1137","OAS","Female",47,5660.862083115
"1138","OAS","Female",48,5310.438632207
"1139","OAS","Female",49,5164.712172656
"1140","OAS","Female",50,4906.826721477
"1141","OAS","Female",51,4781.982462917
"1142","OAS","Female",52,4374.933226354
"1143","OAS","Female",53,4244.501924566
"1144","OAS","Female",54,4146.982982163
"1145","OAS","Female",55,3883.2581715
"1146","OAS","Female",56,3679.032486992
"1147","OAS","Female",57,3541.993652083
"1148","OAS","Female",58,3422.344875898
"1149","OAS","Female",59,3156.073529718
"1150","OAS","Female",60,3290.383226044
"1151","OAS","Female",61,3121.687984597
"1152","OAS","Female",62,2807.160894558
"1153","OAS","Female",63,2613.31516084
"1154","OAS","Female",64,2415.272467846
"1155","OAS","Female",65,2076.85448822
"1156","OAS","Female",66,1668.950380706
"1157","OAS","Female",67,1667.228637288
"1158","OAS","Female",68,1590.321578523
"1159","OAS","Female",69,1430.941757308
"1160","OAS","Female",70,1313.98308504
"1161","OAS","Female",71,1168.555299961
"1162","OAS","Female",72,1096.575412923
"1163","OAS","Female",73,1082.525459762
"1164","OAS","Female",74,991.929754158
"1165","OAS","Female",75,833.908961118
"1166","OAS","Female",76,823.67971699
"1167","OAS","Female",77,753.803677978
"1168","OAS","Female",78,667.080433415
"1169","OAS","Female",79,601.113875976
"1170","OAS","Female",80,576.587865927
"1171","OAS","Female",81,492.229729919
"1172","OAS","Female",82,426.262131594
"1173","OAS","Female",83,338.498827588
"1174","OAS","Female",84,315.186518612
"1175","OAS","Female",85,239.758156195
"1176","OAS","Female",86,222.199659113
"1177","OAS","Female",87,200.33375441
"1178","OAS","Female",88,179.922373133
"1179","OAS","Female",89,164.867304835
"1180","OAS","Female",90,100.600414316
"1181","OAS","Female",91,78.809136168
"1182","OAS","Female",92,46.91697603
"1183","OAS","Female",93,38.311754984
"1184","OAS","Female",94,34.011087272
"1185","OAS","Female",95,25.836899498
"1186","OAS","Female",96,20.540337541
"1187","OAS","Female",97,15.361509314
"1188","OAS","Female",98,10.102266541
"1189","OAS","Female",99,6.45108093
"1190","OAS","Female",100,12.509607331
"1191","OBL","Male",16,2713.476971083
"1192","OBL","Male",17,2587.30573568
"1193","OBL","Male",18,2323.207636684
"1194","OBL","Male",19,2047.54523736
"1195","OBL","Male",20,2237.968290034
"1196","OBL","Male",21,2137.626815428
"1197","OBL","Male",22,2023.587835806
"1198","OBL","Male",23,2112.614521614
"1199","OBL","Male",24,1888.353097852
"1200","OBL","Male",25,2308.669812753
"1201","OBL","Male",26,2467.245943755
"1202","OBL","Male",27,2251.546087535
"1203","OBL","Male",28,2321.264360462
"1204","OBL","Male",29,2286.048360708
"1205","OBL","Male",30,2189.554970551
"1206","OBL","Male",31,2085.057875336
"1207","OBL","Male",32,2043.532723023
"1208","OBL","Male",33,2042.142318732
"1209","OBL","Male",34,1886.06885869
"1210","OBL","Male",35,1783.652647895
"1211","OBL","Male",36,1656.306679793
"1212","OBL","Male",37,1635.783819748
"1213","OBL","Male",38,1785.664105631
"1214","OBL","Male",39,1967.845625969
"1215","OBL","Male",40,2003.192818345
"1216","OBL","Male",41,2299.361025064
"1217","OBL","Male",42,2370.49650335
"1218","OBL","Male",43,2563.315215152
"1219","OBL","Male",44,2605.339243769
"1220","OBL","Male",45,2405.078473699
"1221","OBL","Male",46,2610.387329735
"1222","OBL","Male",47,2614.797524731
"1223","OBL","Male",48,2452.076046031
"1224","OBL","Male",49,1959.689494031
"1225","OBL","Male",50,1506.468500458
"1226","OBL","Male",51,1368.561772049
"1227","OBL","Male",52,1139.057581215
"1228","OBL","Male",53,1029.564129395
"1229","OBL","Male",54,832.580807069
"1230","OBL","Male",55,626.822871455
"1231","OBL","Male",56,468.318935611
"1232","OBL","Male",57,512.608738373
"1233","OBL","Male",58,385.726057042
"1234","OBL","Male",59,350.064847053
"1235","OBL","Male",60,298.14441909
"1236","OBL","Male",61,288.719400581
"1237","OBL","Male",62,282.878112267
"1238","OBL","Male",63,251.275842196
"1239","OBL","Male",64,209.947583172
"1240","OBL","Male",65,239.294609648
"1241","OBL","Male",66,202.518443873
"1242","OBL","Male",67,213.448943148
"1243","OBL","Male",68,247.588033401
"1244","OBL","Male",69,250.318508729
"1245","OBL","Male",70,204.715175719
"1246","OBL","Male",71,275.89011074
"1247","OBL","Male",72,232.307306174
"1248","OBL","Male",73,204.039596965
"1249","OBL","Male",74,233.136709771
"1250","OBL","Male",75,232.27550302
"1251","OBL","Male",76,218.474731609
"1252","OBL","Male",77,173.415959213
"1253","OBL","Male",78,146.915419715
"1254","OBL","Male",79,139.720797058
"1255","OBL","Male",80,94.584147207
"1256","OBL","Male",81,104.038725651
"1257","OBL","Male",82,79.298771161
"1258","OBL","Male",83,54.792822441
"1259","OBL","Male",84,61.350842954
"1260","OBL","Male",85,42.558725894
"1261","OBL","Male",86,36.184827422
"1262","OBL","Male",87,31.637989805
"1263","OBL","Male",88,26.616312725
"1264","OBL","Male",89,22.389810929
"1265","OBL","Male",90,22.740959178
"1266","OBL","Male",91,16.862558793
"1267","OBL","Male",92,8.403570163
"1268","OBL","Male",93,6.382267662
"1269","OBL","Male",94,5.455497183
"1270","OBL","Male",95,4.764631735
"1271","OBL","Male",96,5.346116337
"1272","OBL","Male",97,2.409333609
"1273","OBL","Male",98,4.134640026
"1274","OBL","Male",99,1.419419781
"1275","OBL","Male",100,2.038872615
"1276","OBL","Female",16,2533.505113907
"1277","OBL","Female",17,2392.05110084
"1278","OBL","Female",18,2201.402185984
"1279","OBL","Female",19,1910.896442558
"1280","OBL","Female",20,1770.234456452
"1281","OBL","Female",21,1698.0743198
"1282","OBL","Female",22,1924.407769503
"1283","OBL","Female",23,1885.549525228
"1284","OBL","Female",24,1974.260741278
"1285","OBL","Female",25,1931.004987533
"1286","OBL","Female",26,2025.290771224
"1287","OBL","Female",27,2031.579223668
"1288","OBL","Female",28,1974.682765871
"1289","OBL","Female",29,1974.093308181
"1290","OBL","Female",30,1968.715107119
"1291","OBL","Female",31,2010.384329089
"1292","OBL","Female",32,1931.357724113
"1293","OBL","Female",33,1790.393741973
"1294","OBL","Female",34,1718.703169358
"1295","OBL","Female",35,1895.803780552
"1296","OBL","Female",36,1869.195176056
"1297","OBL","Female",37,1733.025363931
"1298","OBL","Female",38,2013.476960327
"1299","OBL","Female",39,1831.800613736
"1300","OBL","Female",40,2149.404755351
"1301","OBL","Female",41,2307.436958188
"1302","OBL","Female",42,2350.294110162
"1303","OBL","Female",43,2477.593490025
"1304","OBL","Female",44,2479.373692497
"1305","OBL","Female",45,2470.575928164
"1306","OBL","Female",46,2612.481041761
"1307","OBL","Female",47,2574.831131651
"1308","OBL","Female",48,2431.416125403
"1309","OBL","Female",49,1878.849705386
"1310","OBL","Female",50,1705.783450054
"1311","OBL","Female",51,1416.981742555
"1312","OBL","Female",52,1289.419880356
"1313","OBL","Female",53,1043.671386657
"1314","OBL","Female",54,891.239645524
"1315","OBL","Female",55,735.919544629
"1316","OBL","Female",56,677.288092035
"1317","OBL","Female",57,547.25693004
"1318","OBL","Female",58,493.16669855
"1319","OBL","Female",59,510.695008154
"1320","OBL","Female",60,474.555176956
"1321","OBL","Female",61,392.318216628
"1322","OBL","Female",62,362.297612602
"1323","OBL","Female",63,317.78004006
"1324","OBL","Female",64,348.709110324
"1325","OBL","Female",65,332.780555205
"1326","OBL","Female",66,300.505311697
"1327","OBL","Female",67,329.492365131
"1328","OBL","Female",68,354.677771739
"1329","OBL","Female",69,326.070209848
"1330","OBL","Female",70,323.513426218
"1331","OBL","Female",71,324.591856554
"1332","OBL","Female",72,268.169158843
"1333","OBL","Female",73,252.320225751
"1334","OBL","Female",74,306.980946433
"1335","OBL","Female",75,282.810613651
"1336","OBL","Female",76,209.482185949
"1337","OBL","Female",77,207.815414871
"1338","OBL","Female",78,181.48052998
"1339","OBL","Female",79,143.693360254
"1340","OBL","Female",80,158.597897743
"1341","OBL","Female",81,137.329954921
"1342","OBL","Female",82,90.137963656
"1343","OBL","Female",83,68.758369554
"1344","OBL","Female",84,74.924600359
"1345","OBL","Female",85,46.303801444
"1346","OBL","Female",86,42.971803704
"1347","OBL","Female",87,38.301187673
"1348","OBL","Female",88,34.077212074
"1349","OBL","Female",89,31.327230351
"1350","OBL","Female",90,25.483403118
"1351","OBL","Female",91,20.082321944
"1352","OBL","Female",92,12.345985566
"1353","OBL","Female",93,9.599020835
"1354","OBL","Female",94,8.359977676
"1355","OBL","Female",95,6.699482979
"1356","OBL","Female",96,5.109298413
"1357","OBL","Female",97,3.89324586
"1358","OBL","Female",98,2.690182157
"1359","OBL","Female",99,1.883260656
"1360","OBL","Female",100,4.068103515
"1361","OTH","Male",16,4152.38748994
"1362","OTH","Male",17,4310.023548481
"1363","OTH","Male",18,4421.053111268
"1364","OTH","Male",19,4851.24424158
"1365","OTH","Male",20,6041.414836545
"1366","OTH","Male",21,6553.81428729
"1367","OTH","Male",22,6132.245352828
"1368","OTH","Male",23,5743.639168657
"1369","OTH","Male",24,5681.562896672
"1370","OTH","Male",25,7317.613426209
"1371","OTH","Male",26,7696.900448972
"1372","OTH","Male",27,7542.488528895
"1373","OTH","Male",28,7595.856570661
"1374","OTH","Male",29,7782.77853961
"1375","OTH","Male",30,8124.714902407
"1376","OTH","Male",31,8202.071370066
"1377","OTH","Male",32,8239.93872495
"1378","OTH","Male",33,7910.702059696
"1379","OTH","Male",34,7651.084576183
"1380","OTH","Male",35,6931.174414662
"1381","OTH","Male",36,6923.483471357
"1382","OTH","Male",37,6702.34523062
"1383","OTH","Male",38,6376.997164322
"1384","OTH","Male",39,5766.721341779
"1385","OTH","Male",40,5446.17500342
"1386","OTH","Male",41,5252.722318583
"1387","OTH","Male",42,4983.17905523
"1388","OTH","Male",43,4864.290896249
"1389","OTH","Male",44,4528.053882114
"1390","OTH","Male",45,4325.803308852
"1391","OTH","Male",46,4057.798719221
"1392","OTH","Male",47,3969.592699676
"1393","OTH","Male",48,3753.162519569
"1394","OTH","Male",49,3510.693488407
"1395","OTH","Male",50,3452.173936327
"1396","OTH","Male",51,3268.355595351
"1397","OTH","Male",52,2940.85690105
"1398","OTH","Male",53,2840.04359478
"1399","OTH","Male",54,2657.368208703
"1400","OTH","Male",55,2636.820345949
"1401","OTH","Male",56,2428.96925768
"1402","OTH","Male",57,2301.375490114
"1403","OTH","Male",58,2120.962052351
"1404","OTH","Male",59,2036.613197193
"1405","OTH","Male",60,1883.57190442
"1406","OTH","Male",61,1765.15953718
"1407","OTH","Male",62,1544.636547233
"1408","OTH","Male",63,1516.455246955
"1409","OTH","Male",64,1334.441295508
"1410","OTH","Male",65,1272.255910967
"1411","OTH","Male",66,1065.496368508
"1412","OTH","Male",67,1032.898603628
"1413","OTH","Male",68,945.896004979
"1414","OTH","Male",69,865.111444366
"1415","OTH","Male",70,754.373198505
"1416","OTH","Male",71,789.844154257
"1417","OTH","Male",72,720.303308931
"1418","OTH","Male",73,657.116724423
"1419","OTH","Male",74,598.47605087
"1420","OTH","Male",75,566.906632894
"1421","OTH","Male",76,507.79337583
"1422","OTH","Male",77,450.166400851
"1423","OTH","Male",78,427.654753044
"1424","OTH","Male",79,403.730967179
"1425","OTH","Male",80,436.425374088
"1426","OTH","Male",81,372.72039229
"1427","OTH","Male",82,273.560102089
"1428","OTH","Male",83,227.938064631
"1429","OTH","Male",84,195.779292439
"1430","OTH","Male",85,174.738235956
"1431","OTH","Male",86,152.163949543
"1432","OTH","Male",87,130.424977346
"1433","OTH","Male",88,110.668975468
"1434","OTH","Male",89,94.853560847
"1435","OTH","Male",90,75.15931293
"1436","OTH","Male",91,53.130979155
"1437","OTH","Male",92,29.036088723
"1438","OTH","Male",93,22.591888043
"1439","OTH","Male",94,18.561499259
"1440","OTH","Male",95,22.457854137
"1441","OTH","Male",96,16.570764132
"1442","OTH","Male",97,11.344118947
"1443","OTH","Male",98,7.235420061
"1444","OTH","Male",99,4.601370117
"1445","OTH","Male",100,14.485519568
"1446","OTH","Female",16,3447.904122536
"1447","OTH","Female",17,3447.270251414
"1448","OTH","Female",18,3559.255783852
"1449","OTH","Female",19,4130.671408848
"1450","OTH","Female",20,4098.201762934
"1451","OTH","Female",21,4320.953687288
"1452","OTH","Female",22,4400.3464191
"1453","OTH","Female",23,4788.198549175
"1454","OTH","Female",24,4864.114331464
"1455","OTH","Female",25,5364.668244494
"1456","OTH","Female",26,5724.099893184
"1457","OTH","Female",27,5858.501156641
"1458","OTH","Female",28,5789.484091681
"1459","OTH","Female",29,5860.248873716
"1460","OTH","Female",30,5896.812325301
"1461","OTH","Female",31,5841.236924008
"1462","OTH","Female",32,5449.262905425
"1463","OTH","Female",33,5416.690021024
"1464","OTH","Female",34,5009.01657161
"1465","OTH","Female",35,5000.051700228
"1466","OTH","Female",36,4668.435396746
"1467","OTH","Female",37,4713.83178099
"1468","OTH","Female",38,4492.64446642
"1469","OTH","Female",39,4331.778920463
"1470","OTH","Female",40,4217.728211509
"1471","OTH","Female",41,3973.968639913
"1472","OTH","Female",42,3742.594936354
"1473","OTH","Female",43,3670.130031835
"1474","OTH","Female",44,3394.126784928
"1475","OTH","Female",45,3207.492312123
"1476","OTH","Female",46,3198.352966298
"1477","OTH","Female",47,2966.99453583
"1478","OTH","Female",48,2788.245011603
"1479","OTH","Female",49,2774.733112508
"1480","OTH","Female",50,2634.665179317
"1481","OTH","Female",51,2538.704997077
"1482","OTH","Female",52,2213.391474632
"1483","OTH","Female",53,2270.458268329
"1484","OTH","Female",54,2131.726496783
"1485","OTH","Female",55,2023.624692508
"1486","OTH","Female",56,1892.589714759
"1487","OTH","Female",57,1756.554199176
"1488","OTH","Female",58,1716.549055284
"1489","OTH","Female",59,1626.961640024
"1490","OTH","Female",60,1453.587651739
"1491","OTH","Female",61,1463.261054126
"1492","OTH","Female",62,1316.008325301
"1493","OTH","Female",63,1224.00078523
"1494","OTH","Female",64,1197.407822692
"1495","OTH","Female",65,1071.880024711
"1496","OTH","Female",66,981.065970579
"1497","OTH","Female",67,942.066458919
"1498","OTH","Female",68,754.848016351
"1499","OTH","Female",69,818.499291044
"1500","OTH","Female",70,736.492167533
"1501","OTH","Female",71,731.596851474
"1502","OTH","Female",72,695.300475013
"1503","OTH","Female",73,586.333562466
"1504","OTH","Female",74,605.116911814
"1505","OTH","Female",75,593.295261864
"1506","OTH","Female",76,529.424765627
"1507","OTH","Female",77,444.125534743
"1508","OTH","Female",78,467.126585319
"1509","OTH","Female",79,413.964029246
"1510","OTH","Female",80,388.235449464
"1511","OTH","Female",81,359.53280064
"1512","OTH","Female",82,333.101597213
"1513","OTH","Female",83,286.537471453
"1514","OTH","Female",84,249.125411805
"1515","OTH","Female",85,193.262917094
"1516","OTH","Female",86,180.144793068
"1517","OTH","Female",87,162.546728337
"1518","OTH","Female",88,145.43407314
"1519","OTH","Female",89,131.887959789
"1520","OTH","Female",90,91.756373046
"1521","OTH","Female",91,72.695641913
"1522","OTH","Female",92,44.761376057
"1523","OTH","Female",93,36.291360716
"1524","OTH","Female",94,31.931936779
"1525","OTH","Female",95,27.738507797
"1526","OTH","Female",96,22.007263702
"1527","OTH","Female",97,17.085547808
"1528","OTH","Female",98,10.428810568
"1529","OTH","Female",99,7.897954191
"1530","OTH","Female",100,9.516824879
"1531","PAK","Male",16,9905.483476257
"1532","PAK","Male",17,9915.077760422
"1533","PAK","Male",18,9784.468555374
"1534","PAK","Male",19,10119.535474671
"1535","PAK","Male",20,10236.404335278
"1536","PAK","Male",21,10602.535428881
"1537","PAK","Male",22,10555.919835941
"1538","PAK","Male",23,11110.067798059
"1539","PAK","Male",24,11399.477859469
"1540","PAK","Male",25,12006.268268156
"1541","PAK","Male",26,12177.031005569
"1542","PAK","Male",27,12140.619048692
"1543","PAK","Male",28,12584.462437262
"1544","PAK","Male",29,12454.54680336
"1545","PAK","Male",30,12976.690860835
"1546","PAK","Male",31,13129.77631407
"1547","PAK","Male",32,12597.812811054
"1548","PAK","Male",33,11823.339370209
"1549","PAK","Male",34,11455.129228908
"1550","PAK","Male",35,10426.935390623
"1551","PAK","Male",36,9464.624061435
"1552","PAK","Male",37,9572.43040349
"1553","PAK","Male",38,9412.689095657
"1554","PAK","Male",39,9000.043612466
"1555","PAK","Male",40,8814.080301574
"1556","PAK","Male",41,8574.069023948
"1557","PAK","Male",42,8103.249127583
"1558","PAK","Male",43,7449.21586709
"1559","PAK","Male",44,6309.870385645
"1560","PAK","Male",45,5456.522927615
"1561","PAK","Male",46,4912.773997443
"1562","PAK","Male",47,4418.186081055
"1563","PAK","Male",48,4333.726842709
"1564","PAK","Male",49,4708.95158891
"1565","PAK","Male",50,4587.70277054
"1566","PAK","Male",51,4554.053665816
"1567","PAK","Male",52,4391.128159151
"1568","PAK","Male",53,4390.844333591
"1569","PAK","Male",54,4396.149230766
"1570","PAK","Male",55,4109.55925062
"1571","PAK","Male",56,3851.398216145
"1572","PAK","Male",57,3687.122259133
"1573","PAK","Male",58,4262.487026758
"1574","PAK","Male",59,3685.571586219
"1575","PAK","Male",60,2840.339056389
"1576","PAK","Male",61,2256.417941656
"1577","PAK","Male",62,1733.385871738
"1578","PAK","Male",63,1538.088059694
"1579","PAK","Male",64,1456.939104811
"1580","PAK","Male",65,1328.994147181
"1581","PAK","Male",66,1349.162721021
"1582","PAK","Male",67,1373.457134932
"1583","PAK","Male",68,1745.897920095
"1584","PAK","Male",69,1590.119331662
"1585","PAK","Male",70,1794.533980999
"1586","PAK","Male",71,1977.706955777
"1587","PAK","Male",72,1761.383844564
"1588","PAK","Male",73,1778.950908092
"1589","PAK","Male",74,1778.46257095
"1590","PAK","Male",75,1664.484726616
"1591","PAK","Male",76,1374.826245817
"1592","PAK","Male",77,1149.461589223
"1593","PAK","Male",78,1056.224328465
"1594","PAK","Male",79,955.821089851
"1595","PAK","Male",80,840.496919663
"1596","PAK","Male",81,754.707584235
"1597","PAK","Male",82,520.574480708
"1598","PAK","Male",83,446.758748505
"1599","PAK","Male",84,425.785237165
"1600","PAK","Male",85,291.091082144
"1601","PAK","Male",86,247.72361101
"1602","PAK","Male",87,211.35091646
"1603","PAK","Male",88,182.636789148
"1604","PAK","Male",89,155.207114488
"1605","PAK","Male",90,103.350580852
"1606","PAK","Male",91,71.058056125
"1607","PAK","Male",92,39.57387709
"1608","PAK","Male",93,29.084075957
"1609","PAK","Male",94,23.778867494
"1610","PAK","Male",95,22.232539587
"1611","PAK","Male",96,17.511629801
"1612","PAK","Male",97,10.257234021
"1613","PAK","Male",98,6.812554868
"1614","PAK","Male",99,4.4667589
"1615","PAK","Male",100,14.936746283
"1616","PAK","Female",16,9468.150735878
"1617","PAK","Female",17,9400.26854353
"1618","PAK","Female",18,9139.298733066
"1619","PAK","Female",19,8833.875494105
"1620","PAK","Female",20,8847.133750346
"1621","PAK","Female",21,9211.0991885
"1622","PAK","Female",22,9636.775792547
"1623","PAK","Female",23,10484.495903829
"1624","PAK","Female",24,10916.938656684
"1625","PAK","Female",25,11552.634398346
"1626","PAK","Female",26,11817.38501061
"1627","PAK","Female",27,11830.139533868
"1628","PAK","Female",28,12358.208435839
"1629","PAK","Female",29,12503.312239957
"1630","PAK","Female",30,12622.716864299
"1631","PAK","Female",31,12828.324685634
"1632","PAK","Female",32,12009.531203919
"1633","PAK","Female",33,10765.927290109
"1634","PAK","Female",34,10245.956433574
"1635","PAK","Female",35,9374.637145414
"1636","PAK","Female",36,8635.172701891
"1637","PAK","Female",37,8677.641984899
"1638","PAK","Female",38,8634.280600639
"1639","PAK","Female",39,8500.239976992
"1640","PAK","Female",40,8372.180981874
"1641","PAK","Female",41,8032.835983327
"1642","PAK","Female",42,7339.540940903
"1643","PAK","Female",43,6703.618688661
"1644","PAK","Female",44,5974.168053787
"1645","PAK","Female",45,5310.277247903
"1646","PAK","Female",46,4574.631031245
"1647","PAK","Female",47,4295.416164333
"1648","PAK","Female",48,4245.779333233
"1649","PAK","Female",49,4453.09719417
"1650","PAK","Female",50,4355.11140297
"1651","PAK","Female",51,4603.058028293
"1652","PAK","Female",52,4412.265323933
"1653","PAK","Female",53,4364.728429776
"1654","PAK","Female",54,4247.999727945
"1655","PAK","Female",55,4073.709758388
"1656","PAK","Female",56,3947.561910722
"1657","PAK","Female",57,3506.223719716
"1658","PAK","Female",58,3296.203231204
"1659","PAK","Female",59,2749.700154774
"1660","PAK","Female",60,2602.376204637
"1661","PAK","Female",61,2494.268933169
"1662","PAK","Female",62,2220.285274585
"1663","PAK","Female",63,2070.34208033
"1664","PAK","Female",64,1997.234850289
"1665","PAK","Female",65,1807.08998215
"1666","PAK","Female",66,1617.274418365
"1667","PAK","Female",67,1475.613090371
"1668","PAK","Female",68,1534.132932921
"1669","PAK","Female",69,1508.412033425
"1670","PAK","Female",70,1485.456950873
"1671","PAK","Female",71,1568.161943782
"1672","PAK","Female",72,1491.092433898
"1673","PAK","Female",73,1464.466121891
"1674","PAK","Female",74,1384.732717122
"1675","PAK","Female",75,1349.332688088
"1676","PAK","Female",76,1274.612389297
"1677","PAK","Female",77,1163.607681099
"1678","PAK","Female",78,971.542498116
"1679","PAK","Female",79,826.164102971
"1680","PAK","Female",80,833.953585757
"1681","PAK","Female",81,754.665123173
"1682","PAK","Female",82,506.438376133
"1683","PAK","Female",83,442.273815583
"1684","PAK","Female",84,331.554924191
"1685","PAK","Female",85,219.032068567
"1686","PAK","Female",86,199.744875291
"1687","PAK","Female",87,180.991392076
"1688","PAK","Female",88,161.756916691
"1689","PAK","Female",89,147.845011818
"1690","PAK","Female",90,120.287632778
"1691","PAK","Female",91,90.133656747
"1692","PAK","Female",92,54.844841865
"1693","PAK","Female",93,44.362874341
"1694","PAK","Female",94,38.278848244
"1695","PAK","Female",95,35.128969309
"1696","PAK","Female",96,28.703967088
"1697","PAK","Female",97,21.314466517
"1698","PAK","Female",98,13.861822992
"1699","PAK","Female",99,9.609533145
"1700","PAK","Female",100,50.879879011
"1701","WBI","Male",16,321068.259257171
"1702","WBI","Male",17,332406.059693892
"1703","WBI","Male",18,333991.026058351
"1704","WBI","Male",19,341825.998296773
"1705","WBI","Male",20,349258.879124863
"1706","WBI","Male",21,340767.87007132
"1707","WBI","Male",22,332563.180106619
"1708","WBI","Male",23,333875.239057349
"1709","WBI","Male",24,321201.391106009
"1710","WBI","Male",25,319436.414078488
"1711","WBI","Male",26,317330.157738958
"1712","WBI","Male",27,305796.289978059
"1713","WBI","Male",28,303069.614837933
"1714","WBI","Male",29,303657.141607266
"1715","WBI","Male",30,307203.915626842
"1716","WBI","Male",31,309596.664598486
"1717","WBI","Male",32,297587.225086962
"1718","WBI","Male",33,278949.606199399
"1719","WBI","Male",34,274838.053355151
"1720","WBI","Male",35,286110.255160813
"1721","WBI","Male",36,300474.430592418
"1722","WBI","Male",37,310560.533565282
"1723","WBI","Male",38,331409.82290287
"1724","WBI","Male",39,353926.193666457
"1725","WBI","Male",40,369177.670943403
"1726","WBI","Male",41,364096.389326363
"1727","WBI","Male",42,376468.527322788
"1728","WBI","Male",43,381725.142229559
"1729","WBI","Male",44,394666.364439038
"1730","WBI","Male",45,397135.937256658
"1731","WBI","Male",46,402420.182815997
"1732","WBI","Male",47,402922.147890302
"1733","WBI","Male",48,396401.188233097
"1734","WBI","Male",49,392281.586843083
"1735","WBI","Male",50,380492.312999634
"1736","WBI","Male",51,366729.637502029
"1737","WBI","Male",52,360745.29070325
"1738","WBI","Male",53,355368.728132764
"1739","WBI","Male",54,342853.824325294
"1740","WBI","Male",55,333184.302109909
"1741","WBI","Male",56,322777.516103822
"1742","WBI","Male",57,325788.370485955
"1743","WBI","Male",58,322939.716886184
"1744","WBI","Male",59,315937.540315078
"1745","WBI","Male",60,320057.621876515
"1746","WBI","Male",61,328441.061816427
"1747","WBI","Male",62,340198.402751777
"1748","WBI","Male",63,361108.070356678
"1749","WBI","Male",64,392343.983874468
"1750","WBI","Male",65,311289.617171131
"1751","WBI","Male",66,296419.01921294
"1752","WBI","Male",67,293597.97796408
"1753","WBI","Male",68,273350.866281148
"1754","WBI","Male",69,243667.78632197
"1755","WBI","Male",70,217601.353753188
"1756","WBI","Male",71,222668.115479285
"1757","WBI","Male",72,221466.407593491
"1758","WBI","Male",73,215257.966877168
"1759","WBI","Male",74,204039.618102898
"1760","WBI","Male",75,192172.483257369
"1761","WBI","Male",76,183185.805823238
"1762","WBI","Male",77,168653.734167192
"1763","WBI","Male",78,158843.736244135
"1764","WBI","Male",79,152926.229140171
"1765","WBI","Male",80,143471.804555469
"1766","WBI","Male",81,131125.965254286
"1767","WBI","Male",82,117344.819561204
"1768","WBI","Male",83,104613.333472435
"1769","WBI","Male",84,93761.667523411
"1770","WBI","Male",85,83317.320090822
"1771","WBI","Male",86,71476.738218529
"1772","WBI","Male",87,61157.267318538
"1773","WBI","Male",88,51493.701482703
"1774","WBI","Male",89,44044.757705843
"1775","WBI","Male",90,39107.008442508
"1776","WBI","Male",91,27775.155599268
"1777","WBI","Male",92,15831.852884238
"1778","WBI","Male",93,11379.509246954
"1779","WBI","Male",94,9622.781941906
"1780","WBI","Male",95,7034.700850165
"1781","WBI","Male",96,5285.895236589
"1782","WBI","Male",97,3452.172225795
"1783","WBI","Male",98,2333.109393896
"1784","WBI","Male",99,1392.99423473
"1785","WBI","Male",100,1987.872398869
"1786","WBI","Female",16,303774.958715776
"1787","WBI","Female",17,315484.631295646
"1788","WBI","Female",18,319302.705840742
"1789","WBI","Female",19,334213.159487282
"1790","WBI","Female",20,335815.411725908
"1791","WBI","Female",21,326782.887485252
"1792","WBI","Female",22,324825.213051124
"1793","WBI","Female",23,328443.65579495
"1794","WBI","Female",24,319964.102105696
"1795","WBI","Female",25,314102.355587056
"1796","WBI","Female",26,311114.432474977
"1797","WBI","Female",27,302123.780096809
"1798","WBI","Female",28,301958.78841563
"1799","WBI","Female",29,303436.57170691
"1800","WBI","Female",30,309897.26355564
"1801","WBI","Female",31,311012.939079007
"1802","WBI","Female",32,298711.060240105
"1803","WBI","Female",33,278998.59083392
"1804","WBI","Female",34,276707.948434131
"1805","WBI","Female",35,289556.105817626
"1806","WBI","Female",36,303815.523975353
"1807","WBI","Female",37,316965.334939147
"1808","WBI","Female",38,336072.161023319
"1809","WBI","Female",39,358611.887627288
"1810","WBI","Female",40,379813.729925519
"1811","WBI","Female",41,374190.799937518
"1812","WBI","Female",42,387422.610662741
"1813","WBI","Female",43,391806.993401541
"1814","WBI","Female",44,401276.582182983
"1815","WBI","Female",45,406677.542432898
"1816","WBI","Female",46,412024.712558378
"1817","WBI","Female",47,410901.426625529
"1818","WBI","Female",48,403948.490199272
"1819","WBI","Female",49,398266.951328029
"1820","WBI","Female",50,385121.27410482
"1821","WBI","Female",51,371001.014048726
"1822","WBI","Female",52,364728.287896662
"1823","WBI","Female",53,359398.464213095
"1824","WBI","Female",54,348004.50208496
"1825","WBI","Female",55,337436.73938478
"1826","WBI","Female",56,327267.739842695
"1827","WBI","Female",57,331572.359995822
"1828","WBI","Female",58,328419.920628322
"1829","WBI","Female",59,323358.427387356
"1830","WBI","Female",60,326708.313312081
"1831","WBI","Female",61,337108.18690376
"1832","WBI","Female",62,347495.023206384
"1833","WBI","Female",63,371556.509066764
"1834","WBI","Female",64,403413.61210047
"1835","WBI","Female",65,322678.487424573
"1836","WBI","Female",66,308449.676065689
"1837","WBI","Female",67,306797.775231905
"1838","WBI","Female",68,290227.098717591
"1839","WBI","Female",69,262727.980345719
"1840","WBI","Female",70,239068.528307495
"1841","WBI","Female",71,246491.833943765
"1842","WBI","Female",72,247818.039034583
"1843","WBI","Female",73,242657.637494027
"1844","WBI","Female",74,233655.121889196
"1845","WBI","Female",75,225486.740962067
"1846","WBI","Female",76,217350.157904194
"1847","WBI","Female",77,205705.160323804
"1848","WBI","Female",78,199180.546449967
"1849","WBI","Female",79,196818.287062381
"1850","WBI","Female",80,192003.875078799
"1851","WBI","Female",81,182697.794439287
"1852","WBI","Female",82,169278.85817823
"1853","WBI","Female",83,156469.838207892
"1854","WBI","Female",84,145640.124160009
"1855","WBI","Female",85,136490.818020546
"1856","WBI","Female",86,125078.082096779
"1857","WBI","Female",87,113751.394598359
"1858","WBI","Female",88,103227.395929755
"1859","WBI","Female",89,93691.942642235
"1860","WBI","Female",90,89483.370923825
"1861","WBI","Female",91,68453.850944501
"1862","WBI","Female",92,42805.9910995
"1863","WBI","Female",93,32949.970064695
"1864","WBI","Female",94,30209.996648431
"1865","WBI","Female",95,23744.221895838
"1866","WBI","Female",96,19297.059993235
"1867","WBI","Female",97,13953.203508602
"1868","WBI","Female",98,9703.301664104
"1869","WBI","Female",99,6416.506186913
"1870","WBI","Female",100,10076.684485216
"1871","WHO","Male",16,9796.007055422
"1872","WHO","Male",17,9971.12278145
"1873","WHO","Male",18,10412.457903513
"1874","WHO","Male",19,13106.54932239
"1875","WHO","Male",20,17327.803749379
"1876","WHO","Male",21,19475.555176506
"1877","WHO","Male",22,21315.503511107
"1878","WHO","Male",23,23722.650540563
"1879","WHO","Male",24,27740.294216317
"1880","WHO","Male",25,33820.417571567
"1881","WHO","Male",26,38182.774913146
"1882","WHO","Male",27,42055.839594526
"1883","WHO","Male",28,44585.317144361
"1884","WHO","Male",29,45387.841270615
"1885","WHO","Male",30,46069.610862303
"1886","WHO","Male",31,45416.446168057
"1887","WHO","Male",32,42857.975056602
"1888","WHO","Male",33,39707.246553154
"1889","WHO","Male",34,37218.90798234
"1890","WHO","Male",35,33221.76012834
"1891","WHO","Male",36,30805.029924578
"1892","WHO","Male",37,28168.409810081
"1893","WHO","Male",38,26145.968157684
"1894","WHO","Male",39,24555.516391733
"1895","WHO","Male",40,22534.387050281
"1896","WHO","Male",41,20794.589162705
"1897","WHO","Male",42,19427.847368485
"1898","WHO","Male",43,18617.355538897
"1899","WHO","Male",44,17322.062908255
"1900","WHO","Male",45,16342.857566633
"1901","WHO","Male",46,15498.81988613
"1902","WHO","Male",47,15000.315580659
"1903","WHO","Male",48,13845.884483023
"1904","WHO","Male",49,13220.749786811
"1905","WHO","Male",50,12568.870601231
"1906","WHO","Male",51,11968.83420567
"1907","WHO","Male",52,11268.229087666
"1908","WHO","Male",53,10461.044875652
"1909","WHO","Male",54,9943.333334023
"1910","WHO","Male",55,9280.561483945
"1911","WHO","Male",56,8423.478831993
"1912","WHO","Male",57,7521.914467171
"1913","WHO","Male",58,7298.522719984
"1914","WHO","Male",59,6985.150688846
"1915","WHO","Male",60,6455.808395011
"1916","WHO","Male",61,6164.591309042
"1917","WHO","Male",62,6035.29126562
"1918","WHO","Male",63,5705.556507768
"1919","WHO","Male",64,5937.978500767
"1920","WHO","Male",65,5006.389450724
"1921","WHO","Male",66,4372.242969031
"1922","WHO","Male",67,4373.469436998
"1923","WHO","Male",68,4038.686179287
"1924","WHO","Male",69,3719.513314465
"1925","WHO","Male",70,3529.218910117
"1926","WHO","Male",71,3605.898186619
"1927","WHO","Male",72,3215.333698106
"1928","WHO","Male",73,3105.248878569
"1929","WHO","Male",74,2963.803483658
"1930","WHO","Male",75,2667.918585808
"1931","WHO","Male",76,2379.7143154
"1932","WHO","Male",77,2215.463880633
"1933","WHO","Male",78,1997.471341356
"1934","WHO","Male",79,1943.450770111
"1935","WHO","Male",80,1870.894453451
"1936","WHO","Male",81,1773.823409235
"1937","WHO","Male",82,1644.118292909
"1938","WHO","Male",83,1620.894465236
"1939","WHO","Male",84,1924.387032013
"1940","WHO","Male",85,1862.561157004
"1941","WHO","Male",86,1609.074095241
"1942","WHO","Male",87,1373.904559556
"1943","WHO","Male",88,1164.972436442
"1944","WHO","Male",89,991.116502321
"1945","WHO","Male",90,722.027042266
"1946","WHO","Male",91,514.876498005
"1947","WHO","Male",92,285.613297675
"1948","WHO","Male",93,212.789303441
"1949","WHO","Male",94,181.261779875
"1950","WHO","Male",95,150.95918866
"1951","WHO","Male",96,114.33764464
"1952","WHO","Male",97,79.551918721
"1953","WHO","Male",98,54.522825917
"1954","WHO","Male",99,32.000215252
"1955","WHO","Male",100,50.701695508
"1956","WHO","Female",16,9457.433379883
"1957","WHO","Female",17,9777.646196755
"1958","WHO","Female",18,11109.98929227
"1959","WHO","Female",19,15002.113808037
"1960","WHO","Female",20,20120.578969012
"1961","WHO","Female",21,22605.950716844
"1962","WHO","Female",22,25139.104215807
"1963","WHO","Female",23,30025.681587027
"1964","WHO","Female",24,35744.229399985
"1965","WHO","Female",25,41786.702595824
"1966","WHO","Female",26,45972.607036161
"1967","WHO","Female",27,48638.298312196
"1968","WHO","Female",28,50635.052282823
"1969","WHO","Female",29,50900.273189644
"1970","WHO","Female",30,48396.819363752
"1971","WHO","Female",31,47000.485572853
"1972","WHO","Female",32,43939.431571962
"1973","WHO","Female",33,40476.945458074
"1974","WHO","Female",34,37024.032900596
"1975","WHO","Female",35,33712.686192968
"1976","WHO","Female",36,31432.567434367
"1977","WHO","Female",37,28619.416576723
"1978","WHO","Female",38,26625.27071164
"1979","WHO","Female",39,25503.330772074
"1980","WHO","Female",40,23869.212339249
"1981","WHO","Female",41,21960.069055009
"1982","WHO","Female",42,21030.776867027
"1983","WHO","Female",43,19730.520791995
"1984","WHO","Female",44,18592.663034824
"1985","WHO","Female",45,17351.766146073
"1986","WHO","Female",46,16837.53933416
"1987","WHO","Female",47,16252.1763737
"1988","WHO","Female",48,15595.984207377
"1989","WHO","Female",49,14729.066969624
"1990","WHO","Female",50,14271.329531165
"1991","WHO","Female",51,13780.510083392
"1992","WHO","Female",52,12838.586824301
"1993","WHO","Female",53,12326.488639051
"1994","WHO","Female",54,11506.780944971
"1995","WHO","Female",55,11055.201452958
"1996","WHO","Female",56,10212.090471334
"1997","WHO","Female",57,9600.171355949
"1998","WHO","Female",58,9295.591167578
"1999","WHO","Female",59,8920.973000476
"2000","WHO","Female",60,8435.989121263
"2001","WHO","Female",61,8442.881333098
"2002","WHO","Female",62,8064.761280026
"2003","WHO","Female",63,7602.652597506
"2004","WHO","Female",64,7732.862758424
"2005","WHO","Female",65,6388.323716987
"2006","WHO","Female",66,5854.672933985
"2007","WHO","Female",67,5912.340311854
"2008","WHO","Female",68,5070.448176812
"2009","WHO","Female",69,5221.561818028
"2010","WHO","Female",70,4599.917255248
"2011","WHO","Female",71,4798.353643515
"2012","WHO","Female",72,4579.610358817
"2013","WHO","Female",73,4367.179027657
"2014","WHO","Female",74,4344.684720603
"2015","WHO","Female",75,4124.2306663
"2016","WHO","Female",76,3732.071595879
"2017","WHO","Female",77,3563.301612815
"2018","WHO","Female",78,3393.72706783
"2019","WHO","Female",79,3310.686130703
"2020","WHO","Female",80,3408.390384355
"2021","WHO","Female",81,3454.681029788
"2022","WHO","Female",82,3238.489235982
"2023","WHO","Female",83,3125.001905391
"2024","WHO","Female",84,2971.688439864
"2025","WHO","Female",85,2539.526059485
"2026","WHO","Female",86,2336.369504018
"2027","WHO","Female",87,2126.655297302
"2028","WHO","Female",88,1923.133009476
"2029","WHO","Female",89,1744.808539611
"2030","WHO","Female",90,1144.459239058
"2031","WHO","Female",91,884.371390228
"2032","WHO","Female",92,551.195189036
"2033","WHO","Female",93,432.897638431
"2034","WHO","Female",94,393.211809936
"2035","WHO","Female",95,301.52643758
"2036","WHO","Female",96,239.946463883
"2037","WHO","Female",97,179.364626693
"2038","WHO","Female",98,121.643384423
"2039","WHO","Female",99,84.80768696
"2040","WHO","Female",100,132.8242095
